{"trainacc": [0.4225544128198995, 0.7370485529777565, 0.866802200430519, 0.9301841664673524, 0.9564936618033963, 0.9714661564219086, 0.978115283425018, 0.9772064099497728, 0.9848361635972256, 0.9903850753408275, 0.9848600813202583, 0.9887108347285338, 0.9709878019612533, 0.9873953599617317, 0.9903133221717293, 0.9917962209997608, 0.9873953599617317, 0.9875388662999283, 0.9955991389619708, 0.9933747907199235, 0.992298493183449, 0.9955034680698398, 0.9925137526907438, 0.9952164553934465, 0.9939248983496771, 0.9940923224109065, 0.995886151638364, 0.9866539105477159, 0.9932073666586941, 0.989213106912222, 0.9926333413059076, 0.9967471896675436, 0.9971298732360679, 0.9930877780435302, 0.9948337718249223, 0.996603683329347, 0.9943554173642669, 0.9948337718249223, 0.9887586701745994, 0.9960296579765606], "trainloss": [1.8870691348422346, 0.8644684453353846, 0.42715179303621337, 0.23171185242148912, 0.14904369668680012, 0.09193993504681504, 0.07376936273023404, 0.07661355426724349, 0.051212250339916464, 0.03755222312273862, 0.0568409035723194, 0.03819722641786016, 0.10139059165082347, 0.045420260592061945, 0.030683676657640914, 0.02979893919906457, 0.04708393660138538, 0.04449235495822306, 0.014933048985155397, 0.024081586020459823, 0.02716436620206496, 0.01872447219580818, 0.032617804865648845, 0.01659238492669945, 0.01947575198146529, 0.021154565174427507, 0.014890176293920638, 0.051375630096267555, 0.02475490450348524, 0.03879313233369305, 0.028647918890537086, 0.01215920037156939, 0.011516093951265719, 0.028789996912382602, 0.018882573787831314, 0.011057829516308319, 0.023464743729014303, 0.022494675178941506, 0.0399052268217138, 0.016416153160782113], "devacc": [0.11742059672762271, 0.18575553416746873, 0.17324350336862368, 0.18864292589027912, 0.18575553416746873, 0.20019249278152068, 0.19826756496631376, 0.19923002887391722, 0.20211742059672763, 0.22617901828681425, 0.17901828681424448, 0.19345524542829645, 0.18575553416746873, 0.19634263715110684, 0.19056785370548604, 0.21751684311838307, 0.17420596727622714, 0.20019249278152068, 0.1973051010587103, 0.20211742059672763, 0.21559191530317612, 0.20596727622714148, 0.20692974013474494, 0.20500481231953802, 0.20500481231953802, 0.20404234841193455, 0.1867179980750722, 0.17805582290664101, 0.20692974013474494, 0.21559191530317612, 0.19249278152069296, 0.19345524542829645, 0.21751684311838307, 0.17998075072184794, 0.21751684311838307, 0.19923002887391722, 0.17420596727622714, 0.2165543792107796, 0.19249278152069296, 0.20596727622714148], "devloss": [3.7369815018225223, 4.227879670173418, 5.772062214896355, 6.169631409117301, 7.363461893722343, 8.400139300150867, 8.592302846495524, 9.158802036142212, 9.208411112556789, 9.4610429457223, 10.604398478672296, 9.636621708360511, 9.599323425072678, 9.913723492186383, 10.409286140133489, 9.490379526250287, 10.729484916995418, 9.914444070693044, 9.391477505901436, 9.807591703559941, 9.578771707756916, 9.462681784092863, 11.299671073964975, 9.95538836838077, 9.993206632722446, 9.840165281433459, 9.617317394296979, 9.885354012681155, 8.912608364204356, 9.844255296855849, 10.372723438053663, 10.511008409494615, 10.14481221860825, 10.248375037177695, 9.51004248243668, 10.255487808249567, 10.877758617235905, 11.100470263873074, 9.066780004969461, 9.076327092608542], "testacc": 0.402, "testloss": 7.734937429428101}