{"trainacc": [0.1037037037037037, 0.1721326164874552, 0.22870370370370371, 0.28736559139784945, 0.3290720828355237, 0.36466547192353643, 0.4247610513739546, 0.4691756272401434, 0.5107029072082836, 0.540352449223417, 0.5856929510155316, 0.6203006770211071, 0.6598466746316208, 0.6975806451612904, 0.7175726802070889], "trainloss": [3.141491136385691, 2.8486294514247024, 2.622807997529225, 2.415477590036791, 2.2402349864282916, 2.1016112917782728, 1.895269306757117, 1.7313462516455382, 1.581664008906238, 1.4851238312402222, 1.3437312363581275, 1.2259798161017852, 1.1107024476377199, 0.9821489452247552, 0.9097613610745616], "devacc": [0.1032258064516129, 0.23195084485407066, 0.27588325652841783, 0.3723502304147465, 0.4064516129032258, 0.44946236559139785, 0.5345622119815668, 0.5987711213517665, 0.6470046082949309, 0.677726574500768, 0.7176651305683563, 0.7407066052227342, 0.7821812596006145, 0.808294930875576, 0.8208909370199693], "devloss": [3.0351839889579106, 2.6614218329504338, 2.4137152878370154, 2.185390767963251, 1.9673493446842316, 1.8273734519009217, 1.552834310839253, 1.3895031960878503, 1.2291284173315022, 1.1493150259492584, 1.0315773701338176, 0.9367738519945452, 0.8577860418003276, 0.7699532995026233, 0.6869471886190951], "testacc": 1.0, "testloss": 0.2066444456577301}