{"trainacc": [0.22640382317801672, 0.48694743130227003, 0.6854241338112306, 0.8632915173237754, 0.9171047391477499, 0.95294703305456, 0.9620868180007965, 0.9785643170051772, 0.9753185981680605, 0.9819394663480685, 0.9858124253285544, 0.9879828753484667, 0.9913878932696137, 0.9911389884508164, 0.9927817602548785], "trainloss": [2.5926523849528325, 1.6345781744452217, 0.9761899147124843, 0.4243849439895851, 0.25367525754009096, 0.14742126382148538, 0.11190700708146306, 0.06593719110551559, 0.07301875971382309, 0.054843725974859585, 0.04362918099159266, 0.038389628373638345, 0.02730142889853696, 0.028879884451298375, 0.02406085417088535], "devacc": [0.24761904761904763, 0.4924731182795699, 0.7084485407066052, 0.880184331797235, 0.9195084485407066, 0.9428571428571428, 0.941321044546851, 0.949615975422427, 0.9459293394777266, 0.9486943164362519, 0.9566820276497696, 0.9600614439324117, 0.9582181259600614, 0.9582181259600614, 0.9634408602150538], "devloss": [2.5444644310507356, 1.6045252502239244, 0.9645082313344225, 0.47339632612768956, 0.36618181431348423, 0.32179445302980836, 0.3026466747308107, 0.2725486105076179, 0.28725902262371256, 0.26362766490279255, 0.28602933045905854, 0.26517982925138167, 0.25982756301554666, 0.2538732435846109, 0.26046120255224164], "testacc": 1.0, "testloss": 8.98361176950857e-05}