{"trainacc": [0.1446336121067304, 0.514794902429311, 0.7581242532855436, 0.853952608522501, 0.9151334129828753, 0.9459378733572282, 0.9622162485065711, 0.9675228992433293, 0.9787933094384708, 0.9602449223416966, 0.9794305057745918, 0.9868279569892473, 0.9859518120270808, 0.9891377937076862, 0.9892273994424532], "trainloss": [2.8963603184357054, 1.5577112169960778, 0.7443638485605999, 0.44876573319361057, 0.2565555764693798, 0.16654970568995323, 0.11516059807801048, 0.09978304619554836, 0.06711335048711499, 0.1151413021736034, 0.06302678141756297, 0.04064537084960738, 0.043844314653697904, 0.03286152629219574, 0.03385234623257262], "devacc": [0.1640552995391705, 0.5729646697388633, 0.8073732718894009, 0.8811059907834101, 0.925652841781874, 0.943778801843318, 0.9450076804915515, 0.9456221198156682, 0.9453149001536099, 0.9428571428571428, 0.9425499231950845, 0.9542242703533026, 0.9533026113671275, 0.9554531490015361, 0.96036866359447], "devloss": [2.800429936378233, 1.393325249720279, 0.6786383244848471, 0.44954868258419123, 0.3357830791978792, 0.29036848720866965, 0.2906302044743217, 0.29751268812038933, 0.302166372400275, 0.3156587949820927, 0.32329519113637334, 0.2671980018714606, 0.2832101580734077, 0.29041053581347664, 0.24550059314147668], "testacc": 1.0, "testloss": 0.0002418518124613911}