{"trainacc": [0.13655913978494624, 0.3867184388689765, 0.586031461569096, 0.7293309438470729, 0.8112206292313819, 0.8601453604141777, 0.8913181999203504, 0.9072381521306252, 0.9232078853046595, 0.9333134209478295, 0.9449522102747909, 0.9558542413381123, 0.9591397849462365, 0.958452807646356, 0.9721226602947033], "trainloss": [2.953142137795224, 2.002544662929635, 1.314427156744607, 0.8482843367215981, 0.5915264955843079, 0.4395410071706829, 0.3415722104419232, 0.2899979437248539, 0.23161268645503616, 0.20110655923150347, 0.16708957272155595, 0.13543180792882878, 0.12544418558513962, 0.12596035194599928, 0.08696985390290991], "devacc": [0.15207373271889402, 0.4608294930875576, 0.6540706605222735, 0.7923195084485407, 0.8531490015360983, 0.8878648233486943, 0.8976958525345622, 0.9127496159754225, 0.9268817204301075, 0.9342549923195085, 0.936405529953917, 0.9459293394777266, 0.9474654377880184, 0.9499231950844854, 0.946236559139785], "devloss": [2.8375513663489698, 1.7998625199366276, 1.141203671556464, 0.7427725116228727, 0.5468287234482128, 0.4474122049072371, 0.39826401134240463, 0.36638105423769096, 0.34887033371332055, 0.3222331982878496, 0.32886998952808466, 0.30539555126620876, 0.29728366716116805, 0.324323479618345, 0.31789633700375186], "testacc": 1.0, "testloss": 0.0006851196521893144}