{"trainacc": [0.23741537236160892, 0.6093289526085225, 0.8304460374352848, 0.9233671843886898, 0.9492831541218638, 0.969494225408204, 0.9772202309836718, 0.9844285145360414, 0.9882815611310235, 0.9898148148148148, 0.9913679808841099, 0.9926622859418558, 0.9931401831939466, 0.9929111907606532, 0.9926921545201115], "trainloss": [2.5388943901198737, 1.2255125762883623, 0.5160314839159716, 0.23822874282993012, 0.15174980450915607, 0.09316159303221082, 0.06998518474284324, 0.04856308467414679, 0.03673009730523882, 0.031142978422708693, 0.02637186968474334, 0.02247097515284107, 0.021725792613040695, 0.022298138820106696, 0.022434575024217796], "devacc": [0.2675883256528418, 0.6648233486943165, 0.8546850998463902, 0.9127496159754225, 0.9302611367127496, 0.9425499231950845, 0.9572964669738864, 0.9563748079877112, 0.9628264208909371, 0.9680491551459294, 0.9683563748079878, 0.9717357910906298, 0.9741935483870968, 0.9726574500768049, 0.9698924731182795], "devloss": [2.469741463111842, 1.0763328295149561, 0.5097053197946416, 0.31327865406664834, 0.2579018583495496, 0.25348689781355965, 0.19627925226559287, 0.1998298030844482, 0.18747901669295702, 0.1610057840836213, 0.1527198759092164, 0.13098406386540232, 0.1273236314203882, 0.14369256162698368, 0.14372768208453182], "testacc": 0.8, "testloss": 0.4102107882499695}