{"trainacc": [0.19051174830744724, 0.5497411389884508, 0.7305057745917961, 0.840720828355237, 0.9106531262445241, 0.9354340900039825, 0.9555655117483074, 0.9691557148546396, 0.9773994424532059, 0.9761350059737156, 0.9850557546794106, 0.9876144962166468, 0.989068100358423, 0.9901533253683791, 0.9884408602150537], "trainloss": [2.701343944850361, 1.4376090586256667, 0.851118371976604, 0.48960019980992325, 0.27621597554556926, 0.1921069021542582, 0.13435533278251208, 0.09446979191692784, 0.0685022440688905, 0.07208400190971445, 0.04721309705954512, 0.04002492887767982, 0.034307469255563536, 0.030526221543995567, 0.03606761044298556], "devacc": [0.22027649769585253, 0.6018433179723502, 0.7692780337941628, 0.8525345622119815, 0.9075268817204301, 0.928110599078341, 0.9296466973886329, 0.9480798771121351, 0.9490015360983103, 0.949615975422427, 0.956989247311828, 0.9572964669738864, 0.9594470046082949, 0.9551459293394777, 0.9566820276497696], "devloss": [2.577141607961347, 1.304435371253897, 0.7892369213192144, 0.5205595366965791, 0.36253590298138455, 0.29168510327141406, 0.3211667900261242, 0.23564325348572798, 0.24845007501439564, 0.3093320392243873, 0.2535119373265499, 0.27528840687967115, 0.2689407491189544, 0.26739080325799053, 0.26498364715532224], "testacc": 1.0, "testloss": 0.0026615143287926912}