{"trainacc": [0.05577621425329097, 0.08681343622333182, 0.10786427598729006, 0.13322741715842035, 0.18140036314117114, 0.25766000907852926, 0.3049818429414435, 0.41182478438492964, 0.4997730367680436, 0.560599182932365, 0.6018497503404449, 0.6608034498411257, 0.7009759418974126, 0.7562414888788016, 0.7877893781207445, 0.834714026327735, 0.8204720835224694, 0.8492964139809351, 0.8881071266454834, 0.9006468452110759, 0.9131865637766682, 0.9228325011348162, 0.9088175215615071, 0.9194280526554698, 0.9348615524285065, 0.9598842487517022, 0.9582955061280073, 0.9636858828869723, 0.9711189287335452, 0.966239219246482, 0.9723672265093055, 0.980140717203813, 0.9754879709487063, 0.9754312301407172, 0.9788356786200636, 0.9837721289151158, 0.9817294598275079, 0.9848502042669087, 0.9864389468906037, 0.9838288697231049, 0.9821266454834316, 0.9859282796187018, 0.9856445755787563, 0.9864956876985929, 0.9857013163867453, 0.988708579210168, 0.9876305038583749, 0.9850204266908761, 0.9902405810258738, 0.9926804357694053, 0.984963685882887, 0.9899001361779391, 0.993588288697231, 0.9923399909214707, 0.992510213345438, 0.9948933272809805, 0.9945528824330458, 0.9948365864729913, 0.9934180662732637, 0.9923399909214707, 0.984963685882887, 0.9917725828415797, 0.9935315478892419, 0.9950635497049478], "trainloss": [3.302942976700518, 3.1953595416198466, 3.029655964115886, 2.922136833004339, 2.7191708400689953, 2.4741894824906363, 2.274180679228216, 1.8486765481859675, 1.528449361128424, 1.3212045768526972, 1.2102076784080664, 1.046754937657864, 0.894711294879818, 0.7533515112079711, 0.6368550233850683, 0.5106839492572095, 0.5203705422184546, 0.44234706739431284, 0.34203990106819654, 0.28971488200909323, 0.2630150251756784, 0.23160596862198599, 0.2659725963704109, 0.23262278602724448, 0.1913314086811628, 0.12201095125382183, 0.1262499400369292, 0.11330841910187028, 0.09161447553548334, 0.10221300256378099, 0.08278590925900275, 0.06353231981359472, 0.07107274731028448, 0.07316516790263392, 0.06551597513684591, 0.051523410765470234, 0.05691060797648299, 0.04763514674858402, 0.04453507959639761, 0.051458914848353125, 0.052119678112116395, 0.04440049130488162, 0.045994763431247934, 0.041672703416454106, 0.04486909653032659, 0.03738653157506674, 0.03532690994265644, 0.0479553456963989, 0.03084860200800519, 0.024167310891658595, 0.0435659880206645, 0.03514764781769059, 0.02232908769276059, 0.0237300713139464, 0.024199031171639615, 0.01757487860946657, 0.01777409686809689, 0.01882935864926974, 0.01942609853537764, 0.023291836434377496, 0.04307968610211957, 0.025787737869872755, 0.020830354873764004, 0.016250944013622367], "devacc": [0.07503410641200546, 0.054570259208731244, 0.12005457025920874, 0.14733969986357434, 0.21828103683492497, 0.32060027285129605, 0.3860845839017735, 0.4461118690313779, 0.5879945429740792, 0.6221009549795361, 0.6289222373806276, 0.7339699863574352, 0.732605729877217, 0.7899045020463847, 0.7885402455661664, 0.8540245566166439, 0.8376534788540245, 0.8376534788540245, 0.8922237380627558, 0.9195088676671214, 0.9236016371077762, 0.8908594815825375, 0.8826739427012278, 0.9113233287858117, 0.9386084583901774, 0.937244201909959, 0.9454297407912687, 0.9495225102319236, 0.9645293315143247, 0.9631650750341064, 0.9590723055934516, 0.9590723055934516, 0.9686221009549796, 0.9536152796725784, 0.9672578444747613, 0.9577080491132333, 0.9631650750341064, 0.9645293315143247, 0.9495225102319236, 0.9631650750341064, 0.9631650750341064, 0.9713506139154161, 0.956343792633015, 0.9536152796725784, 0.9440654843110505, 0.9604365620736699, 0.9740791268758526, 0.9549795361527967, 0.9768076398362893, 0.9768076398362893, 0.9727148703956344, 0.9577080491132333, 0.9863574351978172, 0.9727148703956344, 0.9713506139154161, 0.9781718963165075, 0.965893587994543, 0.9672578444747613, 0.9795361527967258, 0.9713506139154161, 0.9536152796725784, 0.975443383356071, 0.9686221009549796, 0.9740791268758526], "devloss": [3.230238199234009, 3.1457340717315674, 2.9328224658966064, 2.784852981567383, 2.5880126953125, 2.2557106018066406, 2.0233113765716553, 1.705323576927185, 1.3552309274673462, 1.1327400207519531, 1.1186538934707642, 0.8530800342559814, 0.7962122559547424, 0.6687456369400024, 0.5625495910644531, 0.43749865889549255, 0.46513956785202026, 0.45886704325675964, 0.33368104696273804, 0.26972582936286926, 0.23674125969409943, 0.3070937991142273, 0.32077255845069885, 0.29405301809310913, 0.16349291801452637, 0.15918046236038208, 0.1775025576353073, 0.1636069118976593, 0.13357140123844147, 0.10468661040067673, 0.11982987076044083, 0.13458026945590973, 0.11344930529594421, 0.12555530667304993, 0.11469761282205582, 0.1426665335893631, 0.13071009516716003, 0.12138540297746658, 0.16189248859882355, 0.09884551167488098, 0.12491199374198914, 0.08687805384397507, 0.15281200408935547, 0.15989847481250763, 0.18843533098697662, 0.14014601707458496, 0.0934755951166153, 0.14615803956985474, 0.06843867897987366, 0.10108160972595215, 0.08853967487812042, 0.14993610978126526, 0.06542076170444489, 0.10664799809455872, 0.11520980298519135, 0.08941792696714401, 0.10148809850215912, 0.1231696605682373, 0.07050953060388565, 0.12938231229782104, 0.164662703871727, 0.08973687887191772, 0.10601981729269028, 0.09779905527830124], "testacc": 0.6666666666666666, "testloss": 0.4141782224178314}