{"trainacc": [0.18413978494623656, 0.5061529271206691, 0.7661290322580645, 0.869115890083632, 0.9257068896853843, 0.9467144563918758, 0.96268418956591, 0.9583731581043409, 0.9720728793309439, 0.9793110314615691, 0.9871067303863003, 0.988978494623656, 0.9903126244524094, 0.9890382317801673, 0.9918259657506969], "trainloss": [2.707671155211746, 1.5747457755509244, 0.7264505160823376, 0.3989939791647764, 0.22628683392114252, 0.16178595408209764, 0.11504119159731671, 0.12067210541208015, 0.08419695528159575, 0.06407681696134727, 0.04029211122097543, 0.03551560852859111, 0.031007016313528216, 0.031619080947656426, 0.025442416165491373], "devacc": [0.21382488479262673, 0.562826420890937, 0.8178187403993855, 0.8672811059907835, 0.9145929339477726, 0.928110599078341, 0.9422427035330261, 0.933026113671275, 0.9450076804915515, 0.9499231950844854, 0.9511520737327189, 0.9542242703533026, 0.9557603686635945, 0.9560675883256529, 0.9480798771121351], "devloss": [2.6258445115682716, 1.4107401706106653, 0.59693859277233, 0.41636400604577656, 0.3182318405621612, 0.2827620371695488, 0.2412520327738353, 0.28425807474945, 0.253797319902253, 0.2586917154799958, 0.2223986887849421, 0.20979336336735757, 0.18132181177216192, 0.1906211650865968, 0.20860404105779762], "testacc": 1.0, "testloss": 0.0004013061407022178}