{"trainacc": [0.21344086021505376, 0.5535444046196735, 0.7269514137793708, 0.8320888092393469, 0.8931302270011947, 0.9323874950219037, 0.9534249303066508, 0.9598665870171247, 0.9696435682994823, 0.9749402628434887, 0.9797391477499005, 0.9819992035045798, 0.9825667064914376, 0.9878036638789327, 0.9895957785742732], "trainloss": [2.643842003963612, 1.3924695052553675, 0.848624919869424, 0.5064544702480628, 0.3269617392135208, 0.20519163078553931, 0.1398006100496867, 0.11737571794232587, 0.0924104970691808, 0.07292133913539003, 0.06059111475615162, 0.054357314230863055, 0.0521935437368663, 0.037180338852695026, 0.03242318968543407], "devacc": [0.2519201228878648, 0.631336405529954, 0.7791090629800307, 0.8482334869431644, 0.8970814132104454, 0.928110599078341, 0.9370199692780338, 0.9456221198156682, 0.9450076804915515, 0.9483870967741935, 0.9477726574500768, 0.9520737327188941, 0.9554531490015361, 0.9560675883256529, 0.9508448540706606], "devloss": [2.550929595797842, 1.2503943976169358, 0.7418649399884835, 0.5331197224454396, 0.41870190004049906, 0.3492023089239674, 0.313907674518049, 0.3102199918663447, 0.3113539269374263, 0.32022885600542694, 0.31525460496750846, 0.30134366277588126, 0.30072537119487464, 0.2866322107029401, 0.31948983806618897], "testacc": 1.0, "testloss": 0.0043659210205078125}