{"trainacc": [0.0729589804858622, 0.1277279968140183, 0.2504878534448427, 0.4104042214257268, 0.5978195937873357, 0.6954699322978893, 0.760205097570689, 0.8203305455993628, 0.8453902827558741, 0.8709179609717244, 0.8970230983671844, 0.910663082437276, 0.9231879729191557, 0.9349761051373955, 0.9457785742731979], "trainloss": [3.2412354991712307, 2.9591923754132634, 2.4572493844846957, 1.894224966013873, 1.2843371269381032, 0.9759058046155791, 0.7594583443629699, 0.5859731361002904, 0.50529664443314, 0.41738737886382116, 0.34711322581825005, 0.29119678614316163, 0.2518042170552797, 0.21321220930082682, 0.17842595902323866], "devacc": [0.08817204301075268, 0.13855606758832564, 0.31981566820276497, 0.48448540706605225, 0.6857142857142857, 0.7529953917050691, 0.7966205837173579, 0.8522273425499232, 0.8715821812596006, 0.8927803379416283, 0.9062980030721967, 0.914900153609831, 0.9188940092165898, 0.930568356374808, 0.9296466973886329], "devloss": [3.2394691996860066, 2.908972825872184, 2.2428082804526053, 1.6193225625473233, 1.0524987877788632, 0.7921693997998391, 0.6312244608654954, 0.49812695837240617, 0.43449671504684306, 0.3886034089024715, 0.35992266340739165, 0.3117654805633879, 0.2870118205311112, 0.2576754071882793, 0.25519563079154983], "testacc": 1.0, "testloss": 0.012949371710419655}