{"trainacc": [0.21628833134209477, 0.552757865392274, 0.7826762246117085, 0.8941258462763839, 0.9412783751493429, 0.9581043409000398, 0.965810434090004, 0.9802070888092393, 0.9815909996017523, 0.9827658303464755, 0.9866885702907209, 0.9891676622859419, 0.9882417363600159, 0.9909896455595381, 0.9938470728793309], "trainloss": [2.621933449411335, 1.4307028805768047, 0.6833978222333688, 0.32798456732659925, 0.17731126234950131, 0.12546968887356447, 0.10274716152886336, 0.060259743550238214, 0.05701569155784348, 0.05154647043680276, 0.04152433309045352, 0.03387634337099721, 0.035571987643891335, 0.029457458933056506, 0.0195708387495734], "devacc": [0.24270353302611367, 0.5956989247311828, 0.832258064516129, 0.9127496159754225, 0.9533026113671275, 0.9628264208909371, 0.9566820276497696, 0.9812596006144393, 0.9729646697388633, 0.9788018433179724, 0.985867895545315, 0.9852534562211982, 0.9791090629800308, 0.9831029185867896, 0.9855606758832566], "devloss": [2.510282055024178, 1.2631929662370462, 0.5278689891511944, 0.25865369417150996, 0.13910168787026736, 0.11938258974645544, 0.11386390998616197, 0.06224802665172085, 0.0721752114834324, 0.06036794903228909, 0.0421386954765166, 0.040664215705224445, 0.06922906331614964, 0.048625611764494724, 0.056905826304777425], "testacc": 0.8, "testloss": 0.23571892082691193}