{"trainacc": [0.1861310234966149, 0.5204500199123855, 0.6905416168857029, 0.8293906810035843, 0.895221027479092, 0.9386598964555953, 0.9431800079649542, 0.9590900039824771, 0.9738351254480286, 0.974452409398646, 0.9831441656710473, 0.9853046594982079, 0.986678614097969, 0.9900438072481084, 0.9657606531262445], "trainloss": [2.7154267224502107, 1.5297943735350559, 0.9670597875274922, 0.5274018050308296, 0.31914803391075475, 0.1919499268152238, 0.17607011554346574, 0.12404184842764833, 0.08006932674111573, 0.07803721633587331, 0.05263328357970202, 0.04616551161070522, 0.041982234418926276, 0.03221800561722817, 0.10347582998918091], "devacc": [0.20460829493087557, 0.5560675883256528, 0.7225806451612903, 0.8316436251920123, 0.8949308755760369, 0.9225806451612903, 0.9118279569892473, 0.9339477726574501, 0.9379416282642089, 0.943778801843318, 0.9526881720430107, 0.9557603686635945, 0.9622119815668203, 0.9588325652841782, 0.9324116743471582], "devloss": [2.63275620794516, 1.3763722280203472, 0.8645600489757028, 0.54948831401113, 0.35887668305827725, 0.29984300312358664, 0.3245945527531584, 0.2754311163304588, 0.2319561959961043, 0.2432114627504129, 0.21030517107880062, 0.21651369367601686, 0.17939510587860363, 0.19440364700308593, 0.27824124906744274], "testacc": 1.0, "testloss": 0.011105919256806374}