{"trainacc": [0.12934090003982476, 0.36622859418558346, 0.5709577857427319, 0.6844782954998009, 0.7482775786539227, 0.812873357228196], "trainloss": [2.9714466883147774, 2.094668873037204, 1.3582105236383892, 0.9860785745591673, 0.7864712846321872, 0.5830004564536515], "devacc": [0.17572964669738864, 0.42457757296466975, 0.6227342549923195, 0.7456221198156682, 0.7898617511520737, 0.8494623655913979], "devloss": [2.8718747927845896, 1.9225860477043186, 1.1836257272052326, 0.8339611030943382, 0.6611378137966455, 0.535314600863215], "testacc": 0.8, "testloss": 1.1866614818572998}