{"trainacc": [0.2144663480684986, 0.5065611310234966, 0.7002887295898048, 0.8494026284348865, 0.9035444046196734, 0.9481879729191557, 0.951563122262047, 0.9689964157706094, 0.9743030665073675, 0.9814615690959777, 0.9878136200716846, 0.990073675826364, 0.9897749900438072, 0.973904818797292, 0.9922939068100358], "trainloss": [2.6278433366773233, 1.5575893891612547, 0.9389768210078369, 0.4592450015967892, 0.2860999861943537, 0.15503483699142862, 0.14452058642995827, 0.08965483407758114, 0.07682452952375762, 0.055030751247915885, 0.03867641350603802, 0.03133838393880119, 0.0335627595305425, 0.08090762083453161, 0.02419909097369996], "devacc": [0.2457757296466974, 0.5364055299539171, 0.733026113671275, 0.8651305683563748, 0.8961597542242703, 0.9351766513056836, 0.938863287250384, 0.9508448540706606, 0.9526881720430107, 0.957910906298003, 0.9563748079877112, 0.9526881720430107, 0.9622119815668203, 0.9551459293394777, 0.9591397849462365], "devloss": [2.5575774408155874, 1.518054308429841, 0.9271849621825504, 0.5188368803345114, 0.4447996034050867, 0.3480758139614685, 0.34487328551331975, 0.31706767148136544, 0.312839763779794, 0.3195911630782114, 0.30980346719240814, 0.3193771961372569, 0.28014508109488245, 0.3322953904554042, 0.2762375318784318], "testacc": 1.0, "testloss": 0.0002799987851176411}