{"trainacc": [0.1940063719633612, 0.461399840700916, 0.6694145758661888, 0.8041218637992832, 0.859289127837515, 0.9003982477100757, 0.9259956192751891, 0.9482377538829152, 0.9534747112704102, 0.9584627638391079, 0.9710971724412585, 0.9685483870967742, 0.9784348864994026, 0.9793110314615691, 0.9869673436877738], "trainloss": [2.7193880414450042, 1.7003736944608792, 1.0488751481866894, 0.6189597096636874, 0.43568333554367583, 0.30953533635914254, 0.2263503201670829, 0.1596109053585122, 0.14050603035743947, 0.1253223031438807, 0.08869749435814478, 0.09507616191408112, 0.06819472281905414, 0.06353844089818542, 0.042326977672311285], "devacc": [0.22027649769585253, 0.5047619047619047, 0.712442396313364, 0.819047619047619, 0.8648233486943164, 0.8823348694316436, 0.9032258064516129, 0.9164362519201229, 0.9253456221198156, 0.9296466973886329, 0.9382488479262673, 0.9373271889400921, 0.9480798771121351, 0.9465437788018434, 0.9560675883256529], "devloss": [2.640649069289458, 1.5842513043759605, 0.9372301269236798, 0.5849692645710185, 0.45489054478807933, 0.38532644578938113, 0.30188176798106336, 0.27796203488578447, 0.26311166275481473, 0.22944330482438963, 0.21262578233595816, 0.2081636465090211, 0.18976907947096408, 0.19445943688192674, 0.1543025144371569], "testacc": 1.0, "testloss": 0.006144523620605469}