{"trainacc": [0.24732178414974113, 0.5223516527279968, 0.7759557945041816, 0.8994822779769016, 0.9414974113898845, 0.9673337315810434, 0.9794504181600956, 0.9839207487056949, 0.9845081640780565, 0.9884607726005575, 0.9900338510553565, 0.9875149342891278, 0.9925228992433294, 0.9943548387096774, 0.9913679808841099], "trainloss": [2.503749310614245, 1.453345661878301, 0.694942595069981, 0.31236699910716487, 0.17027947145515304, 0.09690765329728987, 0.06354476840835034, 0.05025325962336758, 0.048738914549689, 0.03476159970343932, 0.030968934945147953, 0.03768219853659008, 0.023583284140260737, 0.0180219805030555, 0.027180946333024522], "devacc": [0.2697388632872504, 0.5686635944700461, 0.7972350230414746, 0.9053763440860215, 0.9216589861751152, 0.9373271889400921, 0.9554531490015361, 0.957910906298003, 0.9542242703533026, 0.9640552995391705, 0.9628264208909371, 0.9505376344086022, 0.96036866359447, 0.9609831029185868, 0.9588325652841782], "devloss": [2.3830785608511365, 1.3229329113586707, 0.656986165431238, 0.3179325811599257, 0.26154886865945454, 0.23880068882269792, 0.17623134499870688, 0.20503165346274177, 0.20607956673967123, 0.195489465091635, 0.17561459623723535, 0.23499244025775365, 0.20823927903504966, 0.22816538954934767, 0.20798319619372144], "testacc": 1.0, "testloss": 0.00019149780564475805}