{"trainacc": [0.08250696933492632, 0.20534647550776583, 0.45075667064914376, 0.5935284747112705, 0.6842592592592592, 0.7617980884109916, 0.8190163281561131, 0.868110314615691, 0.8846873755475906, 0.9119175627240144, 0.9241636798088411, 0.9297092791716448, 0.9388391079251295, 0.9508064516129032, 0.9548287534846674], "trainloss": [3.19828899943558, 2.6843961525703985, 1.775338394738725, 1.2785332729881953, 0.9883349237689835, 0.7396537990196916, 0.5653731531709468, 0.41775908751086094, 0.35554871644953817, 0.2731568511829154, 0.2373559724543969, 0.21864406894469632, 0.18866841259146536, 0.1528476236817586, 0.1373501114431533], "devacc": [0.08172043010752689, 0.24147465437788018, 0.5216589861751152, 0.6365591397849463, 0.7179723502304147, 0.7910906298003072, 0.8337941628264209, 0.8583717357910906, 0.869431643625192, 0.8847926267281107, 0.9004608294930876, 0.909062980030722, 0.9102918586789555, 0.9204301075268817, 0.9228878648233487], "devloss": [3.1864467524163733, 2.5993693435247045, 1.5859664969729939, 1.16803271320009, 0.9243122778729909, 0.6889247333948514, 0.5494729448024029, 0.46491265640280766, 0.4289290039770065, 0.38615535728393063, 0.3529864952036862, 0.34166873490206107, 0.33289239291221867, 0.3006389956869837, 0.309195823109095], "testacc": 1.0, "testloss": 0.04076061397790909}