{"trainacc": [0.1844484269215452, 0.5820191158900836, 0.8208482676224612, 0.917741935483871, 0.9649243329350856, 0.965541616885703, 0.9824372759856631, 0.9868478693747511, 0.9898546395858224, 0.9903922739944245, 0.9912982875348467, 0.9930107526881721, 0.9951612903225806, 0.9933193946634807, 0.9917164476304261], "trainloss": [2.727934783789704, 1.3194352080032958, 0.5568541518213359, 0.24768204064850596, 0.10756895677804092, 0.10013833686513571, 0.05299550280188574, 0.040088245287991556, 0.03202972194711759, 0.03137358928181614, 0.02690102987151633, 0.021124224846664118, 0.01642976763013977, 0.020637511412569698, 0.024984493232449], "devacc": [0.20614439324116743, 0.6430107526881721, 0.8614439324116744, 0.9188940092165898, 0.9333333333333333, 0.9425499231950845, 0.9493087557603687, 0.9486943164362519, 0.9520737327188941, 0.9585253456221198, 0.954531490015361, 0.9597542242703533, 0.9643625192012288, 0.9609831029185868, 0.9692780337941628], "devloss": [2.6432993587810323, 1.1419469700430944, 0.48894222375984014, 0.3069516468432642, 0.2749291349734579, 0.2486078051103425, 0.2685245979354129, 0.26966479468730187, 0.24035025769115043, 0.2538477661697546, 0.2629208034634041, 0.2492352448026156, 0.22784349040776353, 0.27979004067210006, 0.21296610178485995], "testacc": 1.0, "testloss": 0.00018196106248069555}