{"trainacc": [0.11545201115093588, 0.33965551573078456, 0.5371863799283154, 0.6331242532855436, 0.7203305455993628, 0.7955694942254082, 0.8311330147351653, 0.8727698128235762, 0.8986857825567502, 0.9136200716845878, 0.9264436479490243, 0.9381023496614894, 0.9446236559139785, 0.9584030266825966, 0.953853046594982], "trainloss": [3.0394151108239287, 2.1772097974410336, 1.462631574810762, 1.1483338451015195, 0.8651784321242051, 0.6306016724311893, 0.5143783607719334, 0.38628758004062064, 0.3122550048281215, 0.2640892270431724, 0.22216877156118622, 0.19226522924402994, 0.16718543392996635, 0.12662752103527813, 0.1351367786054899], "devacc": [0.14531490015360984, 0.3898617511520737, 0.6, 0.6811059907834102, 0.7655913978494624, 0.8288786482334869, 0.8629800307219662, 0.8771121351766513, 0.9032258064516129, 0.9032258064516129, 0.9176651305683564, 0.9244239631336405, 0.9235023041474655, 0.9342549923195085, 0.9308755760368663], "devloss": [2.953236534848191, 2.0075977117784563, 1.2992286720583517, 1.05145886664017, 0.8243412147469235, 0.647019453037719, 0.5146600538135124, 0.46228534875926885, 0.39216770417129937, 0.40301369000140425, 0.3475518542500685, 0.33624455834039346, 0.3271428258737661, 0.3012968993956043, 0.3317177280577646], "testacc": 1.0, "testloss": 0.023225784301757812}