{"trainacc": [0.1846973317403425, 0.5668458781362007, 0.80257865392274], "trainloss": [2.7309174197264183, 1.37484317013867, 0.6129858937101125], "devacc": [0.24761904761904763, 0.6537634408602151, 0.8454685099846391], "devloss": [2.562040125719413, 1.1382376482959167, 0.5664275101802316], "testacc": 1.0, "testloss": 0.1077943816781044}