{"trainacc": [0.2023994424532059, 0.5196833930704898, 0.7035543608124253, 0.8296694544006372, 0.9116985264834727, 0.9434090003982477, 0.9517224213460772, 0.967562724014337, 0.9751095181202708, 0.9785344484269215, 0.9822779769016328, 0.9871266427718041, 0.9880326563122263, 0.9892771804062127, 0.9928614097968936], "trainloss": [2.669685624406329, 1.5216586396828062, 0.9203385754867837, 0.5130152516467597, 0.2695833750095846, 0.17580599600411373, 0.14483902385300348, 0.10027600182142452, 0.07598643141087666, 0.06631290976274114, 0.05399630826273699, 0.03966554627267548, 0.038000887497956895, 0.03273967653846762, 0.02436737415604427], "devacc": [0.2119815668202765, 0.5453149001536098, 0.7443932411674347, 0.8337941628264209, 0.895852534562212, 0.917357910906298, 0.9231950844854071, 0.9403993855606759, 0.9456221198156682, 0.9493087557603687, 0.9447004608294931, 0.9440860215053763, 0.9480798771121351, 0.9551459293394777, 0.9591397849462365], "devloss": [2.637642073741157, 1.4112900533983785, 0.8471075494168541, 0.5354022759995702, 0.35192641945478553, 0.2882534599249264, 0.27278329562481646, 0.2371407788470044, 0.23852201540898618, 0.1958223391787797, 0.20289608733170592, 0.2340643587200323, 0.2366501640202263, 0.19724284078118987, 0.17736146712358097], "testacc": 1.0, "testloss": 0.1339946687221527}