{"trainacc": [0.09373755475906013, 0.2584428514536041, 0.4666069295101553, 0.591079251294305, 0.6782556750298686, 0.7523397052966946, 0.7987753882915173, 0.8271007566706492, 0.8546694544006372, 0.882168458781362, 0.8877538829151732, 0.9089804858622063, 0.9173835125448029, 0.9278972520908004, 0.9349960175228993], "trainloss": [3.145473320994041, 2.488217801888214, 1.7089662293379453, 1.2941731492251052, 1.014646586800704, 0.789311189591671, 0.631974860651946, 0.5356097133783456, 0.44901521676615, 0.3667016749847747, 0.35084280295112796, 0.28415085709116367, 0.25471370896878637, 0.221066668389305, 0.20224338664874666], "devacc": [0.08387096774193549, 0.2912442396313364, 0.5179723502304148, 0.6362519201228879, 0.7142857142857143, 0.7895545314900153, 0.8138248847926267, 0.843010752688172, 0.8617511520737328, 0.8835637480798771, 0.8838709677419355, 0.8912442396313364, 0.9013824884792627, 0.9118279569892473, 0.9161290322580645], "devloss": [3.124980713365265, 2.420945175232426, 1.559705963332532, 1.1577992609569006, 0.914448231321326, 0.7044856383503857, 0.5991045442594362, 0.5214412613398468, 0.4626310809691381, 0.3966767507764052, 0.39445910393367717, 0.3769759566003826, 0.33525179031257807, 0.31375391115241336, 0.2956353630613072], "testacc": 1.0, "testloss": 0.03742103651165962}