{"trainacc": [0.13216845878136202, 0.4696236559139785, 0.6549482277976901, 0.7938072481083234, 0.8347172441258462, 0.9134408602150538, 0.9387395459976106, 0.9471127041019514, 0.9591696535244922, 0.9741039426523298, 0.9774492234169654, 0.9816208681800079, 0.9799283154121864, 0.9831043409000398, 0.987226204699323], "trainloss": [2.971034776210215, 1.7185213750978239, 1.0707668825503318, 0.6437325780252117, 0.5106422629300839, 0.26574343986800353, 0.1873318746223102, 0.16463169921078277, 0.12251410009773402, 0.07995850369423237, 0.06819290138798874, 0.059177647457149866, 0.06041258061026516, 0.05212462117968922, 0.040033416468716866], "devacc": [0.14162826420890937, 0.5204301075268817, 0.6823348694316437, 0.8196620583717358, 0.8482334869431644, 0.9056835637480799, 0.9201228878648233, 0.9403993855606759, 0.9302611367127496, 0.9443932411674347, 0.9539170506912442, 0.9539170506912442, 0.9456221198156682, 0.9609831029185868, 0.9594470046082949], "devloss": [2.9169101748048987, 1.538210288720197, 0.9512212007276474, 0.6046318529937674, 0.5032996084832926, 0.3301422517695185, 0.2830082141034614, 0.25855443046389637, 0.24694188852464, 0.22989188011066156, 0.20838012302526132, 0.2151929008246567, 0.23899047739357443, 0.18757181466999143, 0.18540334941879397], "testacc": 0.8, "testloss": 0.2875839173793793}