{"trainacc": [0.10505774591796097, 0.1713958582238152, 0.23118279569892472, 0.28353245718837117, 0.35690959776981285, 0.4271903624054162, 0.491268418956591, 0.5561330147351653, 0.6179609717244126, 0.6252389486260455, 0.6893767423337316, 0.7068896853843091, 0.7452608522500995, 0.7509259259259259, 0.7755077658303465], "trainloss": [3.1376916825272847, 2.8587718311888626, 2.6294355094788893, 2.3772610673767693, 2.119430451837492, 1.8720217030962736, 1.6708247469317528, 1.4373214865813262, 1.2495078999936367, 1.2107178724794831, 1.0118351148234472, 0.9517752568069467, 0.8176401890947828, 0.7972616482450401, 0.7222502340196566], "devacc": [0.1228878648233487, 0.2304147465437788, 0.2872503840245776, 0.35176651305683565, 0.4651305683563748, 0.5376344086021505, 0.6125960061443932, 0.6872503840245776, 0.7370199692780338, 0.7465437788018433, 0.784331797235023, 0.7993855606758833, 0.8384024577572965, 0.8344086021505376, 0.8414746543778802], "devloss": [3.0465886032526392, 2.6910951840712727, 2.4007683613333284, 2.102110286462142, 1.7804132809836744, 1.5151868064282676, 1.2997945860234275, 1.0926742185645388, 0.9305024495871935, 0.8677475499117979, 0.7308531296418009, 0.6940935594694955, 0.5828064226884446, 0.5772780059120073, 0.5672811365896656], "testacc": 1.0, "testloss": 0.16872043907642365}