{"trainacc": [0.17808641975308642, 0.5319295101553166, 0.7159299084030267, 0.8306650736758263, 0.9307048984468339, 0.9568797291915572, 0.9698924731182795, 0.9791816009557945, 0.9824173636001593, 0.9838709677419355, 0.9860414177618478, 0.9888888888888889, 0.989974113898845, 0.9927518916766228, 0.9920848267622461], "trainloss": [2.7930846420809927, 1.467595032395143, 0.8830388341468437, 0.5170420516135444, 0.21299571978326623, 0.13768232996567745, 0.09343856593578377, 0.06519847099748279, 0.055825097521982885, 0.04995924275559835, 0.044056207404484175, 0.03482763036827389, 0.030991811426567845, 0.022617393825314448, 0.025014031153804264], "devacc": [0.20184331797235022, 0.5748079877112136, 0.7665130568356375, 0.8559139784946237, 0.9185867895545314, 0.938863287250384, 0.9468509984639016, 0.954531490015361, 0.9539170506912442, 0.9536098310291858, 0.9560675883256529, 0.9585253456221198, 0.9606758832565284, 0.957910906298003, 0.9560675883256529], "devloss": [2.7000365487990843, 1.3797483169538085, 0.799285670304628, 0.5126635808549169, 0.39305702991749286, 0.30850676649726483, 0.2885153805879953, 0.26756232846442457, 0.25905395206493165, 0.26549045212807193, 0.2958106897805693, 0.2649815609927551, 0.2483543463841012, 0.2460523357589124, 0.27745646478668334], "testacc": 1.0, "testloss": 0.0009765625}