{"trainacc": [0.18320390282755875, 0.5970728793309439, 0.7984169653524492, 0.8798088410991637, 0.9324173636001593, 0.9566706491437674, 0.9707984866587017, 0.9714356829948227, 0.977200318598168, 0.9798785344484269, 0.98363201911589, 0.9867383512544803, 0.9875348466746317, 0.989247311827957, 0.9909697331740343], "trainloss": [2.7646299438237287, 1.2975664417233803, 0.643392481826682, 0.3722440939721526, 0.21498448678527113, 0.13706106048081795, 0.09124029085948049, 0.08622840654189512, 0.0697426635464887, 0.06016805216563218, 0.051130043996972, 0.041549287257958624, 0.03809415342524345, 0.03334323565610278, 0.028381093214916928], "devacc": [0.2196620583717358, 0.6276497695852534, 0.7956989247311828, 0.8829493087557604, 0.9235023041474655, 0.9253456221198156, 0.9434715821812596, 0.9379416282642089, 0.9351766513056836, 0.9514592933947773, 0.9382488479262673, 0.941321044546851, 0.9480798771121351, 0.9517665130568357, 0.9600614439324117], "devloss": [2.6800772836131435, 1.167107512873988, 0.6356285777509487, 0.3714942719255175, 0.2990326433687166, 0.25178271346652564, 0.22511811121817557, 0.22232102482549607, 0.25463222949186226, 0.18799394994012772, 0.29125970849243726, 0.2346520680024327, 0.23157303351136396, 0.15895766479903103, 0.17537215571799036], "testacc": 1.0, "testloss": 0.012064361944794655}