{"trainacc": [0.236121067303863, 0.5897749900438073, 0.7629928315412187, 0.8953106332138591, 0.9379330943847073, 0.9631222620469932, 0.9792114695340501, 0.9840003982477101, 0.9856730386300279, 0.9878136200716846, 0.991905615292712, 0.9926523297491039, 0.9930505774591796, 0.9908303464755077, 0.9954599761051374], "trainloss": [2.512191206181206, 1.2743949502742133, 0.7100394050565102, 0.3145241673452737, 0.19458463254830885, 0.1109127900435221, 0.06449783914761446, 0.04858398330014026, 0.044023932054585456, 0.03677211792888109, 0.02543143995313181, 0.023159192059981317, 0.021132849588580742, 0.0279084219082104, 0.01467337301212364], "devacc": [0.2712749615975422, 0.6301075268817204, 0.7849462365591398, 0.8949308755760369, 0.9231950844854071, 0.9357910906298003, 0.94715821812596, 0.9453149001536099, 0.9526881720430107, 0.9508448540706606, 0.9597542242703533, 0.9643625192012288, 0.9612903225806452, 0.9591397849462365, 0.957910906298003], "devloss": [2.428516860381799, 1.173710690665355, 0.6700836977651042, 0.3162253982460444, 0.26620913499511334, 0.2527311702477767, 0.19963174632617406, 0.19318376804277096, 0.18687909360854857, 0.19163586144348443, 0.18657086133819573, 0.139118444020023, 0.1504767502095842, 0.15630724160901963, 0.16409221971364615], "testacc": 1.0, "testloss": 0.0001028060942189768}