{"trainacc": [0.12792712066905615, 0.3146356033452808, 0.48737554759060137, 0.6150935882118678, 0.7038231780167264, 0.7590103544404619, 0.8023397052966945, 0.8378235762644365, 0.8663978494623656, 0.8896754281162883, 0.9014934289127837, 0.9145957785742732, 0.9295001991238551, 0.9375149342891278, 0.9428614097968937], "trainloss": [2.991731353985366, 2.3099462864931626, 1.65514445952902, 1.226674165207283, 0.9413249282213095, 0.7517400843624288, 0.6169046851469198, 0.49887564399122764, 0.4194476924026596, 0.3501647256644111, 0.30651370007789547, 0.2655177163928213, 0.22563965004404812, 0.1973854494475834, 0.17954271600059854], "devacc": [0.17142857142857143, 0.3781874039938556, 0.5539170506912442, 0.6952380952380952, 0.7597542242703533, 0.7956989247311828, 0.82642089093702, 0.8608294930875576, 0.8666666666666667, 0.900768049155146, 0.9112135176651306, 0.9142857142857143, 0.9228878648233487, 0.9317972350230415, 0.9216589861751152], "devloss": [2.878768282551919, 2.107921001548591, 1.4167128625553325, 0.9938654234881774, 0.7712798585540138, 0.6547277740069798, 0.5467809751835836, 0.4759063981645118, 0.4560261195705783, 0.3617821646176176, 0.3590208622991764, 0.326435536008826, 0.312582041192714, 0.2833890717150429, 0.30091108319946147], "testacc": 1.0, "testloss": 0.1342988908290863}