{"trainacc": [0.11606929510155317, 0.22830545599362803, 0.4196336121067304, 0.5742035045798487, 0.6867383512544802, 0.759747112704102, 0.8155416168857029, 0.8552070888092393, 0.8777678215850259, 0.9016925527678216, 0.9169454400637196, 0.9269016328156113, 0.9279868578255676, 0.9397949024293111, 0.9437076861808045], "trainloss": [3.089846622274483, 2.6015169140543417, 1.9194125491800844, 1.386428636034757, 1.0299345385572531, 0.7765828860632122, 0.5996939223370956, 0.474230458517086, 0.39358678842886946, 0.3137629506764589, 0.26389053331303053, 0.2292605476051106, 0.22340087821371096, 0.1887522718135886, 0.1758476025296938], "devacc": [0.14623655913978495, 0.29308755760368665, 0.5136712749615976, 0.6725038402457757, 0.797542242703533, 0.8313364055299539, 0.8608294930875576, 0.8817204301075269, 0.9081413210445468, 0.9075268817204301, 0.9164362519201229, 0.9290322580645162, 0.9192012288786482, 0.9293394777265745, 0.933026113671275], "devloss": [3.033237037570795, 2.3880984508496823, 1.601697873409992, 1.0403963970149168, 0.7288837735004688, 0.55731327385397, 0.46024976457868305, 0.3768527292161493, 0.3179588100877226, 0.27586014493269856, 0.2694820636016433, 0.24004089063213718, 0.27181765821672255, 0.2317954962429363, 0.24077654461706838], "testacc": 0.8, "testloss": 0.7106298208236694}