{"testloss": 9.211272864362558, "testacc": 0.09606986899563319}