{"trainacc": [0.14370768618080446, 0.5180107526881721, 0.7632915173237754, 0.8737753882915174, 0.932078853046595, 0.9588211867781761, 0.9699322978892871, 0.9745519713261649, 0.981610911987256, 0.986589008363202, 0.98915770609319, 0.990810434090004, 0.9920350457984867, 0.9903624054161688, 0.9940063719633612], "trainloss": [2.9299432057776045, 1.5284062064961579, 0.7339056547967052, 0.3850574013971798, 0.2025518226064519, 0.12509427669601628, 0.0919617492184844, 0.07326409567410089, 0.05450074543359744, 0.040950113412308795, 0.0336855753328264, 0.02774187923256606, 0.02454148526131003, 0.02733912468713173, 0.019246873744010143], "devacc": [0.18064516129032257, 0.5622119815668203, 0.8092165898617512, 0.8823348694316436, 0.9210445468509985, 0.9342549923195085, 0.941321044546851, 0.9483870967741935, 0.9493087557603687, 0.9576036866359448, 0.9557603686635945, 0.9548387096774194, 0.9560675883256529, 0.9502304147465438, 0.9609831029185868], "devloss": [2.8459890712790776, 1.3514102356774467, 0.6001414340761949, 0.39422750857568556, 0.29341993477487344, 0.23806432274080092, 0.2385829379481654, 0.2130847687270784, 0.21262997224034252, 0.1854117821713197, 0.1818983582307666, 0.1710372120141983, 0.1887215030495472, 0.20492209459779448, 0.2039190359791303], "testacc": 1.0, "testloss": 0.0008068084716796875}