{"trainacc": [0.10313620071684587, 0.4112305854241338, 0.6393468737554759, 0.7705595380326563, 0.8521007566706491, 0.9174332935085623, 0.9333134209478295, 0.9565511748307447, 0.9597670250896058, 0.9724412584627639, 0.9765432098765432, 0.9798088410991637, 0.9834727200318598, 0.9861608920748706, 0.9801373954599761], "trainloss": [3.0489284560671845, 1.9208552776841423, 1.1185838043903364, 0.7104129214796684, 0.4492313279508832, 0.259958138353366, 0.20652766294305613, 0.13644317003009282, 0.12325554317933826, 0.08376415807357683, 0.07078098409821412, 0.06285624844973446, 0.05005645247458913, 0.04373203423831127, 0.05641351729239757], "devacc": [0.11674347158218126, 0.4552995391705069, 0.687557603686636, 0.7963133640552995, 0.8522273425499232, 0.9023041474654377, 0.9023041474654377, 0.9400921658986175, 0.9293394777265745, 0.9431643625192012, 0.9419354838709677, 0.9465437788018434, 0.9434715821812596, 0.9576036866359448, 0.9511520737327189], "devloss": [3.0107322398418654, 1.7365951790787657, 0.9816076876381026, 0.6385115088405697, 0.4631313812073475, 0.34876238777890184, 0.32872493269806086, 0.24231908027477528, 0.2758823995079313, 0.21690324230402847, 0.2215663577142399, 0.20798894684023572, 0.22356712763210596, 0.19560447191038438, 0.21063237098230195], "testacc": 1.0, "testloss": 0.0036344528198242188}