{"trainacc": [0.15760653126244525, 0.4449721226602947, 0.6494026284348865, 0.780515730784548, 0.8504480286738352, 0.9014934289127837, 0.9278375149342891, 0.9443747510951812, 0.9566507367582636, 0.9642771804062127, 0.9660991636798089, 0.9774591796097173, 0.9800776583034647, 0.9834627638391079, 0.9889187574671445], "trainloss": [2.8643343263487093, 1.783589095767396, 1.0901074468591023, 0.6789609331597564, 0.4567585165034913, 0.30987798154638946, 0.21847780042616127, 0.16903832933132223, 0.1303198127345301, 0.10972599340257821, 0.09870239905345397, 0.07129877938120098, 0.06252054323797229, 0.05203293061624932, 0.03630709574805971], "devacc": [0.19262672811059908, 0.4976958525345622, 0.6998463901689708, 0.8251920122887865, 0.8654377880184332, 0.9099846390168971, 0.9235023041474655, 0.9333333333333333, 0.9403993855606759, 0.9493087557603687, 0.9422427035330261, 0.9548387096774194, 0.9517665130568357, 0.9511520737327189, 0.9539170506912442], "devloss": [2.762151469832741, 1.6576823149957964, 1.000745865057141, 0.655617294498303, 0.5206896852238387, 0.416069934170367, 0.3638617539186082, 0.342061495313996, 0.33242781865431964, 0.335923551963771, 0.33442302041339433, 0.31200282859362766, 0.2898068932069611, 0.3021950504746855, 0.2995789914911244], "testacc": 1.0, "testloss": 0.00022125244140625}