{"trainacc": [0.1231979291119076, 0.46405814416567104, 0.7099561927518917, 0.8503982477100757, 0.9133014735165272, 0.9412883313420948, 0.9499800876144963, 0.964794902429311, 0.9741338112305854, 0.9783552369573875, 0.9808442851453604, 0.989336917562724, 0.9901035444046197, 0.9919155714854639, 0.9917960971724412], "trainloss": [2.958150995674954, 1.7231350771130343, 0.9142769637429728, 0.460727431102608, 0.27168047046255467, 0.17647808306853832, 0.15146767382767037, 0.10664919312050836, 0.07957055155085478, 0.06747010075615156, 0.059044846797555575, 0.03566220172390502, 0.03209563603195203, 0.025748974643091324, 0.02577922674365511], "devacc": [0.1499231950844854, 0.504147465437788, 0.7655913978494624, 0.8700460829493087, 0.9321044546850998, 0.9486943164362519, 0.9514592933947773, 0.9560675883256529, 0.9643625192012288, 0.9655913978494624, 0.9714285714285714, 0.9794162826420891, 0.9797235023041475, 0.9812596006144393, 0.9831029185867896], "devloss": [2.838066654820596, 1.5191249830931561, 0.6958777349665418, 0.36980482029475376, 0.190820607584193, 0.15149960120976796, 0.14348227558185428, 0.12117494017847123, 0.10338506957490323, 0.1200997126267253, 0.08691825352025472, 0.07738947950749903, 0.07208788741706154, 0.05987520280727593, 0.04839204141895892], "testacc": 1.0, "testloss": 0.005934524349868298}