{"trainacc": [0.14960175228992434, 0.5390880127439267, 0.7672441258462764, 0.8846973317403425, 0.9332238152130625, 0.9578853046594982, 0.973626045400239, 0.9758761449621665, 0.9821585025886101, 0.9879430505774591, 0.987594583831143, 0.9874850657108721, 0.9914675428116289, 0.9930107526881721, 0.9905814416567105], "trainloss": [2.8946463332523726, 1.4600762959164673, 0.7276152379837515, 0.3545729689914266, 0.20430856692107346, 0.12960514186780228, 0.08244695017067549, 0.0724287625366606, 0.05392797818249414, 0.03709142307084379, 0.036288922109608865, 0.03781732442269153, 0.02746788889454542, 0.022942958570451543, 0.029261919309294993], "devacc": [0.17204301075268819, 0.5877112135176651, 0.804915514592934, 0.8964669738863287, 0.9385560675883257, 0.9658986175115207, 0.965284178187404, 0.9665130568356375, 0.9708141321044547, 0.9806451612903225, 0.9729646697388633, 0.9628264208909371, 0.9852534562211982, 0.9754224270353302, 0.9781874039938556], "devloss": [2.837355333539198, 1.2500889548508254, 0.5766866858104407, 0.32286330865275475, 0.1800712105315951, 0.10931745552659584, 0.10977706604976259, 0.09802251219886789, 0.10218272251742226, 0.06196963265194871, 0.07877582697893068, 0.12884040949394077, 0.04760136505082456, 0.08942881995631803, 0.07380534911073298], "testacc": 1.0, "testloss": 0.0025699615944176912}