{"trainacc": [0.2704798884906412, 0.5986160892074871, 0.8162285941855835, 0.8907208283552369, 0.9454201513341298, 0.961121067303863, 0.9745917960971724, 0.9801373954599761, 0.9844086021505376, 0.9883412982875348, 0.9915969733174034, 0.9910493827160494, 0.9933592194344882, 0.9950517722023099, 0.9933492632417363], "trainloss": [2.384735071103633, 1.259759158501346, 0.5720249107519216, 0.3400013248659804, 0.16523100617325007, 0.11988344050614495, 0.07672873242416618, 0.06267204360865065, 0.0486812942373158, 0.03504481679551846, 0.027912088102363983, 0.027913091225792146, 0.020956910424504156, 0.015898051202684428, 0.02063278044911108], "devacc": [0.27373271889400924, 0.6236559139784946, 0.8316436251920123, 0.8915514592933947, 0.9216589861751152, 0.9265745007680491, 0.9400921658986175, 0.9443932411674347, 0.9631336405529954, 0.9585253456221198, 0.9493087557603687, 0.96036866359447, 0.9612903225806452, 0.9542242703533026, 0.9523809523809523], "devloss": [2.356008547242336, 1.170100783972147, 0.5493279830101998, 0.37981766242585424, 0.2701426697079487, 0.272603795413048, 0.22729928152901785, 0.2151904793859627, 0.15723924936237424, 0.16348215271525668, 0.2179216982170184, 0.1808891579989464, 0.18735785960876447, 0.17940286055962612, 0.17654434615565884], "testacc": 1.0, "testloss": 0.0017456054920330644}