{"trainacc": [0.1339804858622063, 0.47004181600955797, 0.6581640780565512, 0.7702907208283553, 0.8331242532855436, 0.8843289526085225, 0.9083532457188371, 0.9222122660294704, 0.9380923934687375, 0.9476503385105536, 0.959010354440462, 0.9545898048586221, 0.9725408203902828, 0.9781162883313421, 0.9785444046196734], "trainloss": [2.988058439719634, 1.7299865453616408, 1.0698053270685204, 0.7204992782898701, 0.516668131363577, 0.3586246982804336, 0.2808373955344356, 0.23388533652042404, 0.18490043141864676, 0.15886649433323133, 0.12150679540285216, 0.12715245656927285, 0.0842464099879618, 0.06803305480037254, 0.06674991351782635], "devacc": [0.18771121351766512, 0.5597542242703533, 0.7357910906298003, 0.8175115207373271, 0.8721966205837174, 0.906605222734255, 0.9182795698924732, 0.9351766513056836, 0.9456221198156682, 0.9529953917050691, 0.9554531490015361, 0.9582181259600614, 0.954531490015361, 0.9637480798771121, 0.9714285714285714], "devloss": [2.8593822305652954, 1.454123637643278, 0.8247562970983268, 0.5521371828795578, 0.399121833836428, 0.289198779565398, 0.2509986511023913, 0.2024074943933619, 0.17488723746093188, 0.16215567853868282, 0.13845923309501965, 0.12473224051949065, 0.11669318113596208, 0.10236723106440311, 0.09385751235869623], "testacc": 0.8, "testloss": 0.15403060615062714}