{"trainacc": [0.254410593389088, 0.5520708880923935, 0.7591596973317404, 0.8763639984070092, 0.9323078454798885, 0.9551174830744723, 0.9714755077658304, 0.9756770211071286, 0.9802270011947432, 0.9862106730386301, 0.9868777379530068, 0.9893966547192353, 0.9923038630027877, 0.9934388689765034, 0.991178813221824], "trainloss": [2.4605198417798024, 1.4197351009615007, 0.7408136903456319, 0.38209061712703113, 0.21056130303241305, 0.14026416843510017, 0.0867918952453877, 0.07431161628419639, 0.05944001858691232, 0.0426739712002083, 0.04134775221285498, 0.032792552047172116, 0.02375570550925914, 0.02051428536213534, 0.027971713118290744], "devacc": [0.29523809523809524, 0.5870967741935483, 0.7926267281105991, 0.8589861751152074, 0.9130568356374807, 0.9342549923195085, 0.9348694316436252, 0.9480798771121351, 0.9594470046082949, 0.9572964669738864, 0.9526881720430107, 0.9609831029185868, 0.9588325652841782, 0.9622119815668203, 0.9557603686635945], "devloss": [2.310006644868631, 1.3093331272151614, 0.6738080591100701, 0.4509708382841629, 0.3070470492960671, 0.2527867267208715, 0.24175583766902098, 0.1933458654149886, 0.15910927649192547, 0.19109585730161535, 0.2001973073328695, 0.16280687006387842, 0.1787723433312183, 0.18273365586858742, 0.19723652461157418], "testacc": 1.0, "testloss": 0.0017406463157385588}