{"trainacc": [0.11819992035045798, 0.3552469135802469, 0.5970430107526882, 0.7027379530067702, 0.7784448426921545, 0.8203504579848666, 0.8531063321385902, 0.8661489446435683, 0.8992134607726006, 0.9187076861808045, 0.9261549183592195, 0.9393767423337316, 0.947152528872959, 0.9605137395459976, 0.9630426125049781], "trainloss": [3.0652761563320454, 2.165232025024569, 1.2736732601549747, 0.9299404260434273, 0.685711042712951, 0.55865433123163, 0.4513987967724441, 0.40708490949805065, 0.3058751661290405, 0.24699746437255057, 0.2237582171387, 0.18214066811751578, 0.1569594077436585, 0.1214067611304805, 0.11221772422980664], "devacc": [0.13333333333333333, 0.421505376344086, 0.6672811059907834, 0.7450076804915514, 0.8138248847926267, 0.837173579109063, 0.8608294930875576, 0.8777265745007681, 0.8980030721966206, 0.9096774193548387, 0.9093701996927803, 0.9235023041474655, 0.9262672811059908, 0.9373271889400921, 0.9431643625192012], "devloss": [2.995744143762896, 1.9823580073870821, 1.1091440608424525, 0.8414621666279806, 0.6778628142198659, 0.5786135746037355, 0.5313642169198682, 0.5116690718633239, 0.4606422078774272, 0.4256347681520172, 0.412410104192347, 0.3725532768508806, 0.3718569966779876, 0.34220345833334503, 0.33742280517305645], "testacc": 1.0, "testloss": 0.005588722415268421}