{"trainacc": [0.1027479091995221, 0.2938868976503385, 0.527299880525687, 0.6849960175228993, 0.7804759060135404, 0.8212066905615293], "trainloss": [3.1500161983063855, 2.3884580649497833, 1.5067409828145018, 0.9873547148818468, 0.6836884831798262, 0.5637328130868459], "devacc": [0.14869431643625192, 0.36989247311827955, 0.6184331797235023, 0.7456221198156682, 0.8205837173579109, 0.8682027649769585], "devloss": [3.05579513448724, 2.170908407132197, 1.2670522538198303, 0.7984422634823531, 0.5464300834638183, 0.43225016983972714], "testacc": 1.0, "testloss": 0.11527194827795029}