{"trainacc": [0.08748506571087217, 0.14406610911987255, 0.17968936678614097, 0.2356332138590203, 0.27804659498207884, 0.31845878136200717, 0.35835324571883714, 0.4027180406212664, 0.4488649940262843, 0.4887395459976105, 0.5002289924332936, 0.561857825567503, 0.5742831541218638, 0.6119772998805257, 0.6255575467941059], "trainloss": [3.189081491108009, 3.0122665263703503, 2.8465275519495226, 2.6074260390645145, 2.4283008081226507, 2.286960683843141, 2.1537977318894765, 1.9861248062218104, 1.8233663268129174, 1.6950698085440814, 1.6185084872633184, 1.4397940236892608, 1.3907315781609275, 1.2717315862967835, 1.2223812594493515], "devacc": [0.09953917050691244, 0.20153609831029187, 0.210752688172043, 0.3019969278033794, 0.3717357910906298, 0.4184331797235023, 0.4946236559139785, 0.5450076804915515, 0.5791090629800307, 0.6377880184331797, 0.647926267281106, 0.6955453149001536, 0.7136712749615975, 0.7443932411674347, 0.7459293394777265], "devloss": [3.1457241471461987, 2.9016146681825137, 2.738869948321224, 2.3900168897918843, 2.092162057551371, 1.9109775108126452, 1.7199109402669739, 1.5162023316879976, 1.4009140504670032, 1.2495291842842982, 1.1888995373853342, 1.027005278569762, 1.002834128619339, 0.8972427529124071, 0.8649588175083635], "testacc": 0.6, "testloss": 0.565514087677002}