{"trainacc": [0.1641377937076862, 0.4540023894862604, 0.6392970927917164, 0.7570589406610913, 0.8364197530864198, 0.885205097570689, 0.9105635205097571, 0.9284149741138988, 0.9395559538032656, 0.9537435284747112, 0.9630923934687375, 0.9657307845479889, 0.9726304261250498, 0.9774990043807248, 0.9763639984070092], "trainloss": [2.846611933041644, 1.7583467099401686, 1.130078516339743, 0.7544892809866719, 0.5096947943331093, 0.35379830114944005, 0.27533596172804187, 0.2196018119101171, 0.18285644349943636, 0.1392652948109907, 0.11325155604038757, 0.1033640343299761, 0.08454930506148148, 0.0682575322438383, 0.0730771153804756], "devacc": [0.18525345622119815, 0.5219662058371736, 0.6989247311827957, 0.8033794162826421, 0.840552995391705, 0.8731182795698925, 0.9038402457757296, 0.9130568356374807, 0.9204301075268817, 0.9416282642089093, 0.9382488479262673, 0.9422427035330261, 0.9422427035330261, 0.943778801843318, 0.9483870967741935], "devloss": [2.7359717859101185, 1.5218222893877513, 0.9241655793058158, 0.6418894435952885, 0.5221926328223971, 0.40524412835797957, 0.33380271350183793, 0.3003640324564024, 0.28385969337230454, 0.2540397506018388, 0.2421138553026085, 0.23878247781832646, 0.23575928505115246, 0.23031093241981648, 0.2175632564840229], "testacc": 1.0, "testloss": 0.009377670474350452}