{"trainacc": [0.15010951812027082, 0.4019115890083632], "trainloss": [2.8722729596043433, 1.9327578501889355], "devacc": [0.1726574500768049, 0.44915514592933947], "devloss": [2.7957124633173787, 1.7921295852705081], "testacc": 0.2, "testloss": 2.2414355278015137}