{"trainacc": [0.11839904420549582, 0.203584229390681, 0.30625248904818797, 0.41957387495021903, 0.5411290322580645, 0.6400139386698527, 0.7074074074074074, 0.7662086818000796, 0.7924930306650737, 0.8219434488251692, 0.8420649143767424, 0.8580744723217841, 0.8726204699322979, 0.8919753086419753, 0.9033851055356432], "trainloss": [3.0962483663570355, 2.708841974874836, 2.3059206021729337, 1.8883770515556975, 1.4812234323226992, 1.1692945200197729, 0.9443331992825584, 0.763191553213263, 0.6787653764801072, 0.5843167180371256, 0.5127678074681489, 0.46132757928636337, 0.4141625148670363, 0.35623859969304883, 0.31958812518821966], "devacc": [0.1477726574500768, 0.26144393241167435, 0.3966205837173579, 0.530568356374808, 0.6675883256528418, 0.7385560675883257, 0.8052227342549924, 0.8408602150537634, 0.8559139784946237, 0.8746543778801843, 0.8918586789554531, 0.8955453149001537, 0.9029185867895545, 0.9213517665130568, 0.9133640552995391], "devloss": [3.0020798823800505, 2.5265181591983215, 2.0291262848585983, 1.5787814899523687, 1.155011423721841, 0.9080419139378632, 0.7435038218849815, 0.6204720944303521, 0.5700245051889375, 0.5149391765968041, 0.48226899760110037, 0.4496309305391004, 0.42559529353396686, 0.38240405752362194, 0.39031785204663255], "testacc": 1.0, "testloss": 0.058016203343868256}