{"trainacc": [0.1222520908004779, 0.3351752289924333, 0.5364097968936679, 0.6663381123058543, 0.705794504181601, 0.8052070888092393, 0.8527578653922739, 0.8746216646754281, 0.8907905217045002, 0.9070987654320988, 0.9276184786937475, 0.9379231381919554, 0.9474313022700119, 0.9484966148944644, 0.9587415372361608], "trainloss": [3.010713368903494, 2.1863846840112156, 1.4619884661876172, 1.0575500514131293, 0.9312812402897839, 0.6072413311779428, 0.46574166974357667, 0.3936446169869732, 0.3349726051982301, 0.28711627040107335, 0.2234311175745163, 0.19297619586812695, 0.1646248037117926, 0.15616004510360948, 0.1285292230537573], "devacc": [0.14408602150537633, 0.37019969278033793, 0.5797235023041475, 0.7056835637480798, 0.7373271889400922, 0.82642089093702, 0.8721966205837174, 0.8878648233486943, 0.8998463901689708, 0.9118279569892473, 0.9247311827956989, 0.9379416282642089, 0.9336405529953917, 0.9367127496159754, 0.9434715821812596], "devloss": [2.9135731859690583, 1.9996081365418323, 1.2812240634645735, 0.8824377617528362, 0.8150737357029717, 0.529954343896857, 0.39990912370967424, 0.35241446970245255, 0.32962623101225647, 0.2749869804228506, 0.24738626333150995, 0.20865381073017825, 0.20948228109542125, 0.19981085794037937, 0.18176187904474372], "testacc": 1.0, "testloss": 0.0034677505027502775}