{"trainacc": [0.27827558741537234, 0.6376344086021506, 0.8215850258861012], "trainloss": [2.401649279976119, 1.1259246041270567, 0.5528286386775286], "devacc": [0.34961597542242706, 0.6906298003072197, 0.8546850998463902], "devloss": [2.1915922252813242, 0.9278322732942994, 0.46740121308559646], "testacc": 1.0, "testloss": 0.10027885437011719}