{"trainacc": [0.21248506571087217, 0.5188271604938272, 0.6915671047391477, 0.8015033851055356, 0.8551871764237355, 0.9110812425328554, 0.9359119872560733, 0.9515531660692951, 0.9649840700915969, 0.9726602947033055, 0.974362803663879, 0.9729390681003585, 0.9856829948227798, 0.9823476702508961, 0.9873556352050976], "trainloss": [2.6663692701105006, 1.5326122944215435, 0.968196836423703, 0.6144026080624889, 0.4463378494536435, 0.2687547790730014, 0.198182514687308, 0.14792981948102674, 0.11015678600829847, 0.08449064955791835, 0.07618943050841989, 0.08361261826021911, 0.04659721015740004, 0.05471002368819471, 0.03961136583973216], "devacc": [0.23072196620583718, 0.5468509984639017, 0.7324116743471583, 0.8242703533026113, 0.8651305683563748, 0.9075268817204301, 0.9268817204301075, 0.933026113671275, 0.9342549923195085, 0.9431643625192012, 0.946236559139785, 0.9459293394777266, 0.9554531490015361, 0.9563748079877112, 0.9566820276497696], "devloss": [2.6113606510074456, 1.4326480324916575, 0.8530307461589163, 0.5618025465495026, 0.4353664032599893, 0.31488508919966385, 0.255424078845758, 0.2491933259821158, 0.2697522787179815, 0.20030091833409078, 0.19332024049923716, 0.21283753841154038, 0.17285738741197892, 0.19730729977106717, 0.17388151222110343], "testacc": 1.0, "testloss": 0.03662452846765518}