{"trainacc": [0.197700119474313, 0.5623755475906014, 0.7680007964954202, 0.8817204301075269, 0.9345878136200717, 0.95826363998407, 0.9694444444444444, 0.9747610513739546, 0.9836220629231381, 0.9861907606531263, 0.9853245718837117, 0.9890083632019115, 0.9916168857029072, 0.98768418956591, 0.9928116288331342], "trainloss": [2.6767773907386845, 1.3927495499523168, 0.7032966064011039, 0.3645458328966029, 0.19732353570142241, 0.12824698462815268, 0.09194469193759927, 0.07839134897649502, 0.0517308871209479, 0.04331597708401536, 0.04455163240268061, 0.03374185388865508, 0.02602138932017674, 0.037236268343926904, 0.022120668891074054], "devacc": [0.21136712749615977, 0.5963133640552996, 0.7763440860215054, 0.8712749615975423, 0.9152073732718894, 0.9321044546850998, 0.9425499231950845, 0.9459293394777266, 0.9407066052227343, 0.9508448540706606, 0.9431643625192012, 0.9542242703533026, 0.9517665130568357, 0.9474654377880184, 0.9566820276497696], "devloss": [2.653266810052406, 1.3013991705283592, 0.6799517023947931, 0.41993085236593325, 0.314041352903788, 0.24684189211937688, 0.20791016852114058, 0.19668673315355856, 0.21894027395731844, 0.2107771670420049, 0.2160378071706965, 0.18405201165906845, 0.18224898317167837, 0.20748329176331445, 0.18561091552132286], "testacc": 1.0, "testloss": 0.00416221609339118}