{"trainacc": [0.197978892871366, 0.5610215053763441, 0.7917064914376742, 0.8916666666666667, 0.9404022301871764, 0.9485762644364795, 0.971226602947033, 0.9764635603345281, 0.982636399840701, 0.9811827956989247, 0.9892771804062127, 0.9907307845479888, 0.9931700517722023, 0.9883910792512943, 0.993379131819992, 0.993568299482278, 0.993926722421346, 0.9950816407805655, 0.9939665471923537, 0.9951015531660693, 0.997062923138192, 0.9941855834328953, 0.9960573476702509, 0.9966945440063719, 0.9951712465153325, 0.9970529669454401, 0.9959677419354839, 0.9956491437674233, 0.9970529669454401, 0.9966746316208682, 0.9975408203902828], "trainloss": [2.668031452662059, 1.3706056514093954, 0.6442634199112832, 0.341676124873412, 0.18260226238478897, 0.15091425164857503, 0.08967143517063225, 0.072357195252586, 0.05485087048747491, 0.057750196951656216, 0.03560334981698431, 0.0317344014424933, 0.022657217780014626, 0.035980306867300894, 0.02174397201411951, 0.020576683519543854, 0.019747680009163587, 0.015962292253303485, 0.01967238215395787, 0.01695092230186249, 0.009221791957222425, 0.01825695606271248, 0.012064726521698325, 0.010029845595362028, 0.015469078478607012, 0.010009729419417652, 0.013118894046101287, 0.013453210278424204, 0.009960542623094966, 0.010515475475697766, 0.008431345137173316], "devacc": [0.24147465437788018, 0.6384024577572964, 0.8368663594470046, 0.9182795698924732, 0.9490015360983103, 0.9490015360983103, 0.9542242703533026, 0.9646697388632872, 0.9689708141321045, 0.9606758832565284, 0.9631336405529954, 0.9594470046082949, 0.9695852534562212, 0.9683563748079878, 0.9698924731182795, 0.9723502304147466, 0.9692780337941628, 0.9723502304147466, 0.9658986175115207, 0.9741935483870968, 0.9732718894009217, 0.9619047619047619, 0.9735791090629801, 0.9778801843317972, 0.9738863287250384, 0.9695852534562212, 0.9800307219662059, 0.9695852534562212, 0.9717357910906298, 0.9741935483870968, 0.9824884792626728], "devloss": [2.5617408148154683, 1.1595875239042643, 0.5470057239730237, 0.30639199397530975, 0.19571882197933813, 0.19381660765491873, 0.18969992242650502, 0.14578967084807734, 0.16896157955519064, 0.16243084056586166, 0.19592322704429452, 0.16632456095537282, 0.1271456935988044, 0.14590762775339838, 0.14783057831399452, 0.1307987178662955, 0.146951001498007, 0.11998422433566387, 0.16316092470961233, 0.13454226799274918, 0.14276193254004976, 0.2196520055356663, 0.11484089074870958, 0.1453393234909954, 0.17162502189660403, 0.13834895028771343, 0.10523199362139549, 0.13651560878698726, 0.17302874080871108, 0.14352014760405238, 0.09882290496529522], "testacc": 1.0, "testloss": 4.57763690064894e-06}