{"testacc": 0.056768558951965066, "testloss": 3.5403684695214683}