{"testacc": 0.10043668122270742, "testloss": 9.525856034724473}