{"testacc": 1.0, "trainloss": [5.472496797453682, 4.277453995350772, 3.3902024188131654, 2.826651648905292, 2.667308027639329, 2.492559274787423, 2.2959504779779687, 2.1613797339253455, 2.0858420336021566, 1.9650974314917558, 1.837362823996154, 1.7574115732930742, 1.7055185159797188, 1.622828188932167, 1.5599461081642774, 1.4800538079543684, 1.437179333383932, 1.4065376823803164, 1.3605019056572105, 1.3054508371922955, 1.2626284653285764, 1.2537765356729615, 1.234946832341968, 1.154526560936334, 1.1597368612229448, 1.142867610889411, 1.1088671545562505, 1.0612491804098934, 1.013860969423498, 1.0375184589212045, 0.9861409049364006, 0.9416465652438829, 0.9366507863848464, 0.9068257994246933, 0.9121639619833268, 0.8497231012245394, 0.8747077769828293, 0.8497972364695567, 0.8788978800458728, 0.815757820441288, 0.8265175935607286, 0.7831733751596894, 0.7683850301886505, 0.7894476717747982, 0.7743803982464772, 0.7389762553403962, 0.7633470533029089, 0.7668404682252392, 0.6926706019062666, 0.7132329074841626, 0.7165017656560214, 0.6823756065008775, 0.696010763540208, 0.6900035006070288, 0.6819564304636709, 0.6783812214743417, 0.673828624329477, 0.6199375497844984, 0.6411849196601964, 0.6763371066102442, 0.6423207244033333, 0.6278300227234198, 0.6110984083241636, 0.5733416410362195, 0.5817932188510895, 0.5874487319082584, 0.5936661383265969, 0.6027640944007058, 0.5582328136986906, 0.5765459297588037, 0.5629867540215546, 0.5432421958671426, 0.5707072885531299, 0.5371221926227305, 0.5605984988077631, 0.5344552176553499, 0.541463629817063, 0.5426204425733794, 0.5662783680471984, 0.5546080230167078, 0.5330189976302333, 0.5209378727577018, 0.5296291523384598, 0.48375903323011576, 0.49672807303239713, 0.4949408443468922, 0.4959700754228628, 0.476022001051303, 0.5117678919678215, 0.5064741740436673, 0.4731646146414415, 0.49555541977942363, 0.4927465925988911, 0.4494527597097481, 0.46925152650794144, 0.4820548448735063, 0.45483599818727505, 0.4847946411596154, 0.4549084671263425, 0.4599996009525263, 0.4951859002218306, 0.47765739262104034, 0.43613617206519506, 0.4457986849658894, 0.4507407730667846, 0.4446969820455935, 0.463563120215194, 0.43070450500122404, 0.43320498901343196, 0.45060940808470146, 0.44848691583054623, 0.4215899865207432, 0.44599446569973566, 0.41530188927485506, 0.4216500703456267, 0.4017442615714463, 0.42892590483779425, 0.41554716566823563, 0.4162245386239118, 0.3890863321487259, 0.44382752778020296, 0.4020261606142956, 0.3921056963362784, 0.3896818904194442, 0.40505240182831603, 0.3760758465940847, 0.3999476878897949, 0.4017449198466427, 0.3944811429242668, 0.4184496894759952, 0.42175378036573996, 0.4087698282498234, 0.4026097126726834, 0.3697458976094828, 0.394075352721994, 0.38724220173913726, 0.35681136973998834, 0.41624979112508165, 0.3446302756011111, 0.37033717399873073, 0.36568666469750916, 0.391586793293743, 0.3452543477592228, 0.3860375588794924, 0.3899228702176292, 0.35640240071704554, 0.3348101167558874, 0.36971060884823587, 0.36508640731280706, 0.3828448754436565, 0.3405305911909859, 0.32894839843114215, 0.35554941813900787, 0.40878480982105686, 0.3491295521739144, 0.3806916962629594, 0.34617989449381076, 0.3431525767411826, 0.37212432480458196, 0.32711642165229005, 0.3396606829556279, 0.37094345894999475, 0.348398282936534, 0.38664848493330134, 0.35303549543491697, 0.36224407323126523, 0.3553433614144535, 0.31755209278385593, 0.35812727385346993, 0.3189793250658227, 0.34050860888553114, 0.33668527091449163, 0.3328581468301749, 0.34500734301857977, 0.3324580613359715, 0.3204270085823611, 0.35030348561469865, 0.33704678433121377, 0.34136756711036154, 0.33113176595864807, 0.34658454920885695, 0.3310504831233115, 0.3325026880645152, 0.3057508237144482, 0.3159591318488871, 0.3120219557540222, 0.3378869553781905, 0.3486796311050091, 0.32368087253105715, 0.2876220508566443, 0.33507097086066717, 0.31483497765828977, 0.3196903958260638, 0.30787895722959024, 0.3282438061147366, 0.3111371013728328, 0.35261333298008396, 0.3202427311700845, 0.3088869375627746, 0.32963346741484395, 0.3151775177732204, 0.31407100927529846, 0.2915984451208474, 0.2986767929305071, 0.2983517962619194],