{"trainacc": [0.10425129430505775, 0.2465153325368379, 0.47050975706889686, 0.5826861808044603, 0.6542911190760653, 0.7198924731182795, 0.7601055356431701, 0.7958880923934687, 0.810195141377937, 0.8439167662285942, 0.8592692154520112, 0.8698825169255276, 0.8843886897650338, 0.8878235762644365, 0.9009956192751891], "trainloss": [3.131131508017099, 2.5387515983273907, 1.7161876627621258, 1.3531946218711643, 1.1047839639861952, 0.9022593470813268, 0.7582023157298636, 0.6527821838570894, 0.5897945447634625, 0.4946442550513337, 0.444024945405649, 0.40731238293391403, 0.35977169020343996, 0.34604827625278645, 0.3063574104682234], "devacc": [0.13456221198156681, 0.3047619047619048, 0.5680491551459294, 0.6795698924731183, 0.7403993855606759, 0.8003072196620584, 0.82642089093702, 0.847926267281106, 0.8485407066052227, 0.8749615975422427, 0.8866359447004608, 0.8875576036866359, 0.8989247311827957, 0.8924731182795699, 0.9084485407066052], "devloss": [3.046633539111933, 2.35685238200948, 1.4227535543353875, 1.045489367801473, 0.8421569598435257, 0.668645292657861, 0.5876745161372945, 0.5048250122004391, 0.49485489162981233, 0.4270149253755121, 0.3772537303135692, 0.3648869209849889, 0.3537321203315313, 0.36514198574052975, 0.32072740875630884], "testacc": 1.0, "testloss": 0.04074706882238388}