{"trainacc": [0.1467542811628833, 0.4117383512544803, 0.596604938271605, 0.7196336121067304, 0.8021704500199124, 0.8400139386698526, 0.8778375149342891, 0.9076164874551972, 0.9317702110712863, 0.9428614097968937, 0.9510852250099562, 0.9537534846674631, 0.9689864595778575, 0.9678912783751493, 0.9702807646356033], "trainloss": [2.9423952770631945, 1.9448780408184732, 1.2669861820863566, 0.8664465827540258, 0.61167608837073, 0.49303242131587, 0.376516009388289, 0.2829692591885227, 0.21264296472784724, 0.17508904707118458, 0.14994964174027225, 0.1408484287275137, 0.09737445505306996, 0.09846037947166636, 0.09109135159472696], "devacc": [0.2110599078341014, 0.5179723502304148, 0.6675883256528418, 0.7855606758832565, 0.8470046082949308, 0.8743471582181259, 0.9056835637480799, 0.9228878648233487, 0.9428571428571428, 0.9523809523809523, 0.9600614439324117, 0.9554531490015361, 0.9680491551459294, 0.9726574500768049, 0.9671274961597542], "devloss": [2.750811799879997, 1.5904374056697441, 1.0120521599795962, 0.6301604418710629, 0.4705655311109833, 0.36962139359267626, 0.27646793253410795, 0.21593111767197534, 0.1605030208963403, 0.13677491522329743, 0.12626901385696254, 0.12493838510617683, 0.09233692072091564, 0.08454781595600365, 0.09862168176176911], "testacc": 1.0, "testloss": 0.0035360336769372225}