{"trainacc": [0.13662883313420948, 0.4576861808044604, 0.6708781362007169, 0.7717045001991238, 0.8287933094384707, 0.8694245320589407, 0.909557945041816, 0.9287933094384707, 0.9388191955396257, 0.9552966945440063, 0.9618677817602549, 0.9671545201115094, 0.9721724412584628, 0.9745519713261649, 0.9813918757467145], "trainloss": [2.937420104851717, 1.7578217265426472, 1.0399449509318157, 0.7142694682203313, 0.5383577431010231, 0.402182814361374, 0.2878430599843017, 0.22430429501701568, 0.18743363020133802, 0.14395566224571196, 0.11875130543696695, 0.10370855441087748, 0.08735576800761684, 0.08041014430850851, 0.0607570959422003], "devacc": [0.1674347158218126, 0.5268817204301075, 0.7364055299539171, 0.829800307219662, 0.8758832565284178, 0.9139784946236559, 0.9268817204301075, 0.9465437788018434, 0.9431643625192012, 0.9533026113671275, 0.9563748079877112, 0.9625192012288787, 0.9634408602150538, 0.9646697388632872, 0.9705069124423963], "devloss": [2.8081861662974554, 1.5077950525943036, 0.8147735988489494, 0.507936330984265, 0.3876219472852171, 0.27234455434957405, 0.21641428919706476, 0.17555735119476845, 0.1752613890692935, 0.13854244289584972, 0.12523833480298793, 0.10188308550465491, 0.12152376516898107, 0.1053247095390399, 0.09479456988897192], "testacc": 1.0, "testloss": 0.0019069671398028731}