{"trainacc": [0.1632815611310235, 0.49564914376742336, 0.711031461569096, 0.8449721226602948, 0.9169354838709678, 0.9546993229788928, 0.9673138191955396, 0.9733472720031859, 0.9819095977698128, 0.9853743528474711, 0.9880227001194744, 0.9879330943847073, 0.9872759856630824, 0.9930804460374353, 0.9935483870967742], "trainloss": [2.813141415765778, 1.6118714227613724, 0.8990537758155536, 0.4765797688079422, 0.2517279052980057, 0.13706525745428877, 0.09738978062141042, 0.08114395531622098, 0.05610705321496675, 0.04635862633697199, 0.0365713104770353, 0.03585060448647258, 0.039376766590029894, 0.021125415070794674, 0.020068694704981117], "devacc": [0.2055299539170507, 0.5410138248847927, 0.7874039938556068, 0.8700460829493087, 0.9161290322580645, 0.9394777265745008, 0.9483870967741935, 0.9533026113671275, 0.9622119815668203, 0.9588325652841782, 0.9622119815668203, 0.9572964669738864, 0.9634408602150538, 0.9655913978494624, 0.9668202764976959], "devloss": [2.7256600450260846, 1.500406247679539, 0.7521110039702209, 0.4772775166320361, 0.3336655141845826, 0.27403949578786224, 0.23410036322158603, 0.24810689028507005, 0.1967958395931578, 0.21321929441893706, 0.18787731532402302, 0.22032211137257413, 0.19102573508079151, 0.21326476802474342, 0.2051288274026686], "testacc": 1.0, "testloss": 0.0007446288946084678}