{"trainacc": [0.08123257666268419, 0.4091298287534847, 0.7037335722819594, 0.8731083233771406, 0.9173237753882915, 0.9550179211469534, 0.9664575866188769, 0.9771306252489048, 0.9809936280366388, 0.9789824771007567, 0.9844982078853046, 0.9852250099561928, 0.9886798088410992, 0.9926125049780964, 0.993926722421346], "trainloss": [3.209118112013759, 1.954891111830799, 0.930928589658213, 0.40408945199338053, 0.2512880075309012, 0.14119875585947414, 0.10392001398094666, 0.07305796135087879, 0.06149367488511218, 0.06460205963150717, 0.048272166062889706, 0.04373890570428316, 0.03607459821523553, 0.024407522376791408, 0.021375548028862247], "devacc": [0.07895545314900154, 0.47557603686635946, 0.7668202764976959, 0.9001536098310292, 0.9096774193548387, 0.9394777265745008, 0.9419354838709677, 0.9477726574500768, 0.9511520737327189, 0.9425499231950845, 0.9480798771121351, 0.9477726574500768, 0.9523809523809523, 0.9576036866359448, 0.9554531490015361], "devloss": [3.199399436124459, 1.7719768022062592, 0.8193568603783709, 0.3866232176255521, 0.3456344438313339, 0.25497341911364263, 0.2672358574817807, 0.25568567882485105, 0.2738629769070357, 0.3181316671283564, 0.25435592398940143, 0.27679048567872994, 0.30101832719991833, 0.23279581902213908, 0.29117732168892013], "testacc": 1.0, "testloss": 0.00020523070998024195}