{"trainacc": [0.16275388291517323, 0.5255376344086021, 0.6925328554360812, 0.8391278375149342, 0.914804858622063, 0.9416965352449224, 0.9623556352050976, 0.9672640382317802, 0.9780067702110713, 0.9837813620071685, 0.9884806849860613, 0.9828554360812425, 0.9888291517323775, 0.9884508164078056, 0.9917562724014337], "trainloss": [2.829880177191366, 1.5104654791677012, 0.9538867651632894, 0.4909518862069721, 0.2668631870028081, 0.17721361606387398, 0.11382267640607616, 0.09626482792528014, 0.06590232165394576, 0.049835572887118575, 0.03740932705078893, 0.05167350932519567, 0.034912944791377874, 0.034824593083904065, 0.02495130166698474], "devacc": [0.1923195084485407, 0.5815668202764976, 0.7391705069124423, 0.864516129032258, 0.9155145929339478, 0.9250384024577573, 0.9407066052227343, 0.9465437788018434, 0.9591397849462365, 0.9517665130568357, 0.9566820276497696, 0.9456221198156682, 0.9572964669738864, 0.96036866359447, 0.9628264208909371], "devloss": [2.7295199572215982, 1.4072756031141853, 0.8909270065720729, 0.5273383572903646, 0.41187741294983893, 0.36346124977834765, 0.3377194720479201, 0.30965927202031357, 0.2692567223365406, 0.2860231047264442, 0.27948792766316144, 0.34070014060916987, 0.27687696240464665, 0.273220947535906, 0.2880823406206298], "testacc": 1.0, "testloss": 0.0028928755782544613}