{"trainacc": [0.12484070091596973, 0.2967343687773795, 0.5306152927120669, 0.6421246515332537, 0.7315412186379928, 0.7869374751095182, 0.8400238948626045, 0.8536041417761848, 0.8861808044603744, 0.8971226602947033, 0.9174432497013142, 0.9294603743528475, 0.9215850258861011, 0.9403225806451613, 0.9603444842692155], "trainloss": [3.0278510167179995, 2.343317087833172, 1.496453878344031, 1.1305469233217775, 0.8438482148530521, 0.6599838821264151, 0.5026022570926514, 0.4483475224732498, 0.346013485958072, 0.31277767487822755, 0.25336274141479137, 0.21399084378919578, 0.23362223431913087, 0.18101609578376177, 0.1241589399319467], "devacc": [0.15729646697388633, 0.35360983102918586, 0.6070660522273426, 0.6890937019969278, 0.7569892473118279, 0.8227342549923196, 0.861136712749616, 0.8682027649769585, 0.8872503840245776, 0.8964669738863287, 0.9105990783410138, 0.9311827956989247, 0.9139784946236559, 0.9278033794162827, 0.9410138248847926], "devloss": [2.954123587102934, 2.198296912804177, 1.3270117352085729, 1.0571731982692596, 0.8351399527716746, 0.6544931706744954, 0.5510100256737476, 0.49423504260278517, 0.46531255893443585, 0.43160199006581634, 0.40502785949663084, 0.36637035396791273, 0.4099712012000897, 0.3716674173757228, 0.3440806541574715], "testacc": 1.0, "testloss": 0.013380622491240501}