{"trainacc": [0.08941831683168316, 0.1813118811881188, 0.31714108910891087, 0.4176980198019802, 0.5600247524752475, 0.6147896039603961, 0.7469059405940595, 0.7490717821782178, 0.7435024752475248, 0.8295173267326733, 0.8347772277227723, 0.8570544554455446, 0.8032178217821783, 0.8883044554455446, 0.8969678217821783, 0.9019183168316832, 0.9217202970297029, 0.9223391089108911, 0.9211014851485149, 0.9282178217821783, 0.9350247524752475, 0.9405940594059405, 0.9396658415841584, 0.9446163366336634, 0.9390470297029703, 0.9396658415841584, 0.9266707920792079, 0.9220297029702971, 0.9306930693069307, 0.9340965346534653, 0.9421410891089109, 0.9443069306930693, 0.948019801980198, 0.9542079207920792, 0.9439975247524752, 0.9579207920792079, 0.9597772277227723, 0.9526608910891089, 0.9477103960396039, 0.9573019801980198, 0.9563737623762376, 0.9538985148514851, 0.9501856435643564, 0.9517326732673267, 0.9508044554455446, 0.9569925742574258, 0.9573019801980198, 0.9597772277227723, 0.9610148514851485, 0.9597772277227723, 0.9542079207920792, 0.9594678217821783, 0.9588490099009901, 0.9495668316831684, 0.9028465346534653, 0.9350247524752475, 0.9495668316831684, 0.9461633663366337, 0.9557549504950495, 0.9542079207920792, 0.9603960396039604, 0.9610148514851485, 0.9619430693069307, 0.9625618811881188, 0.9616336633663366, 0.9588490099009901, 0.9597772277227723, 0.9597772277227723, 0.9600866336633663, 0.9625618811881188, 0.9625618811881188, 0.9625618811881188, 0.9628712871287128, 0.9628712871287128, 0.9625618811881188, 0.9625618811881188, 0.9628712871287128, 0.9628712871287128, 0.9628712871287128, 0.9628712871287128, 0.9628712871287128, 0.9628712871287128, 0.9628712871287128, 0.9628712871287128, 0.9628712871287128, 0.9628712871287128, 0.9628712871287128, 0.9628712871287128, 0.9628712871287128, 0.9628712871287128, 0.9628712871287128, 0.9628712871287128, 0.9628712871287128, 0.9628712871287128, 0.9628712871287128, 0.9628712871287128, 0.9628712871287128, 0.9628712871287128, 0.9628712871287128, 0.9628712871287128], "trainloss": [2.941466730419952, 2.5154328086588644, 2.1623680072255653, 1.7838000944345305, 1.361356502712363, 1.1781649223648676, 0.8252593337899388, 0.782823102899117, 0.7397217148601418, 0.528322451775617, 0.47284898338931625, 0.41602248691096166, 0.518324229681846, 0.28683496141197656, 0.2639687433101163, 0.21943993822182759, 0.17804096757185342, 0.1643989512530884, 0.18643394761746473, 0.1418562774168383, 0.12118619414839414, 0.10589431565586883, 0.10921871012980396, 0.087564617985546, 0.0928268476140381, 0.12440717721929645, 0.14935302321273503, 0.14932960183313576, 0.12722899816413918, 0.1163291800582763, 0.08319015937423942, 0.08013984037212807, 0.07447308449461909, 0.04924813742832382, 0.07403810897676072, 0.03413745004794385, 0.02459557372892257, 0.04757866853534585, 0.060297887809205766, 0.031192087300933233, 0.03234455306636225, 0.04301787094019427, 0.05673601220149805, 0.049010106795790175, 0.04682645600030918, 0.03154446708388848, 0.038432916829196535, 0.02030144632784742, 0.01654536411682568, 0.018719013817239515, 0.03538879162014121, 0.0199784745582112, 0.02186144475299533, 0.05368438274553507, 0.21726981454556532, 0.10977050381721837, 0.05468085959627487, 0.061316080686479514, 0.03395951791011756, 0.0318017835074132, 0.01846764205337161, 0.015183847581986154, 0.008193344597031575, 0.006860487670222721, 0.01298357527887467, 0.020944703374943224, 0.016598593886240874, 0.01608083762302257, 0.014289135196347637, 0.007204030580486696, 0.005354942117660942, 0.004116087460355593, 0.003919795791775284, 0.003330739215016365, 0.0037414026815481114, 0.003478938962637198, 0.002871184483041415, 0.002616813867399008, 0.002324803650499054, 0.002227989071519068, 0.002198564206794052, 0.0019728850278228818, 0.0020074739448246682, 0.0018961408157086017, 0.0018469336083029757, 0.001703685822684576, 0.00164117225754711, 0.0016011952245054712, 0.0017755755815784086, 0.0015254733717474755, 0.0014984608065373827, 0.001468811206067774, 0.0014553046739189932, 0.0016107840721707532, 0.0015103353376472646, 0.0012946287561945691, 0.001248837582361285, 0.0012386723025010365, 0.0013308889868825968, 0.0011761097023079154], "devacc": [0.07920792079207921, 0.12871287128712872, 0.24752475247524752, 0.37623762376237624, 0.5445544554455446, 0.5247524752475248, 0.6633663366336634, 0.5445544554455446, 0.6831683168316832, 0.7623762376237624, 0.7326732673267327, 0.7722772277227723, 0.7029702970297029, 0.7920792079207921, 0.7623762376237624, 0.801980198019802, 0.8316831683168316, 0.8217821782178217, 0.8415841584158416, 0.8316831683168316, 0.8316831683168316, 0.8712871287128713, 0.8712871287128713, 0.8415841584158416, 0.8415841584158416, 0.8613861386138614, 0.8514851485148515, 0.8217821782178217, 0.801980198019802, 0.8415841584158416, 0.8316831683168316, 0.8415841584158416, 0.8514851485148515, 0.8613861386138614, 0.8514851485148515, 0.8316831683168316, 0.8712871287128713, 0.8613861386138614, 0.8712871287128713, 0.8217821782178217, 0.8514851485148515, 0.8514851485148515, 0.801980198019802, 0.8514851485148515, 0.8514851485148515, 0.8613861386138614, 0.8712871287128713, 0.8514851485148515, 0.8613861386138614, 0.8811881188118812, 0.8415841584158416, 0.8613861386138614, 0.8613861386138614, 0.8415841584158416, 0.7821782178217822, 0.8514851485148515, 0.8514851485148515, 0.8712871287128713, 0.8613861386138614, 0.8316831683168316, 0.8910891089108911, 0.8712871287128713, 0.8811881188118812, 0.900990099009901, 0.8811881188118812, 0.8415841584158416, 0.8712871287128713, 0.8712871287128713, 0.8613861386138614, 0.8613861386138614, 0.8712871287128713, 0.8613861386138614, 0.8811881188118812, 0.8712871287128713, 0.8514851485148515, 0.8712871287128713, 0.8712871287128713, 0.8811881188118812, 0.8811881188118812, 0.8712871287128713, 0.8910891089108911, 0.8811881188118812, 0.8712871287128713, 0.8910891089108911, 0.8811881188118812, 0.8910891089108911, 0.8712871287128713, 0.8712871287128713, 0.8712871287128713, 0.8712871287128713, 0.8811881188118812, 0.8811881188118812, 0.8712871287128713, 0.8811881188118812, 0.8712871287128713, 0.8712871287128713, 0.8811881188118812, 0.8712871287128713, 0.8712871287128713, 0.8712871287128713],