{"trainacc": [0.1122345803842265, 0.2249747219413549, 0.32558139534883723, 0.41253791708796766, 0.5303336703741153, 0.5854398382204247, 0.6890798786653185, 0.7376137512639029, 0.750252780586451, 0.7674418604651163, 0.8200202224469161, 0.8503538928210314, 0.8432760364004045, 0.839231547017189, 0.8185035389282103, 0.8928210313447927, 0.8948432760364005, 0.8928210313447927, 0.9024266936299292, 0.910010111223458, 0.9226491405460061, 0.9019211324570273, 0.9221435793731041, 0.916582406471183, 0.9271991911021233, 0.9388270980788676, 0.9322548028311426, 0.9362992922143579, 0.9282103134479271, 0.9474216380182002, 0.9534883720930233, 0.9479271991911021, 0.9519716885743175, 0.9448938321536906, 0.9398382204246714, 0.9453993933265925, 0.9388270980788676, 0.9443882709807887, 0.9287158746208292, 0.9302325581395349, 0.9332659251769464, 0.9459049544994944, 0.9575328614762386, 0.9595551061678463, 0.9534883720930233, 0.955005055611729, 0.9504550050556118, 0.9145601617795753, 0.9292214357937311, 0.9352881698685541], "trainloss": [2.8761318361554276, 2.49171523377676, 2.123058840768041, 1.8157625447872072, 1.5430950260258782, 1.274478694064311, 0.9828395419222038, 0.8252632107483967, 0.7501534120498943, 0.6628128461939018, 0.5078836605329484, 0.43903209523677345, 0.4074398233688034, 0.4059760617233504, 0.48339058445244876, 0.282330919354702, 0.2529081927633141, 0.2747301821520644, 0.21579379751841388, 0.19578967232132827, 0.16474967367788898, 0.22769157124421474, 0.1550309213275736, 0.18354812421138172, 0.13687929613525152, 0.10731035216331965, 0.11755846478459327, 0.10761247522172239, 0.12021267303351324, 0.06694561509364656, 0.0542891854335553, 0.06362212430855262, 0.052463421886231223, 0.08670949408571689, 0.09432282052459562, 0.07008910671072373, 0.08650749609160592, 0.07102069094460703, 0.12281629293253014, 0.12080531658489856, 0.09710335942442906, 0.06332021328659222, 0.025679937124071517, 0.023522808763628902, 0.039223163144774094, 0.033587573401260784, 0.05028789790669273, 0.20364960586638975, 0.12281773154246192, 0.09400498047395713], "devacc": [0.0, 0.1, 0.1, 0.2, 0.2, 0.4, 0.7, 0.7, 0.5, 0.5, 0.7, 0.7, 0.6, 0.7, 0.7, 0.8, 0.7, 0.7, 0.7, 0.7, 0.6, 0.7, 0.8, 0.7, 0.8, 0.8, 0.7, 0.6, 0.7, 0.8, 0.7, 0.7, 0.8, 0.7, 0.8, 0.8, 0.7, 0.8, 0.7, 0.7, 0.7, 0.7, 0.8, 0.7, 0.7, 0.7, 0.7, 0.7, 0.7, 0.8], "devloss": [2.8993399143218994, 3.061969518661499, 2.475175619125366, 2.5447609424591064, 2.005302667617798, 1.815467119216919, 1.0716131925582886, 0.7936609387397766, 0.8972187638282776, 0.8920208215713501, 0.5026770830154419, 0.5644989609718323, 0.6270637512207031, 0.4772758185863495, 0.5872736573219299, 0.2708125114440918, 0.35273978114128113, 0.4918566644191742, 0.38196998834609985, 0.34237927198410034, 0.3016422390937805, 0.48313602805137634, 0.13138049840927124, 0.452720046043396, 0.10833108425140381, 0.08904200792312622, 0.42217570543289185, 0.7050920128822327, 0.4544624090194702, 0.03816711902618408, 0.32219135761260986, 0.18364882469177246, 0.09909844398498535, 0.19013607501983643, 0.10282868146896362, 0.07432901859283447, 0.5222083330154419, 0.022504091262817383, 0.16451495885849, 0.48443615436553955, 0.6363873481750488, 0.20380359888076782, 0.020411133766174316, 0.487210750579834, 0.30862200260162354, 0.22584569454193115, 0.11325812339782715, 0.13953804969787598, 0.6772220730781555, 0.04215085506439209], "testacc": 1.0, "testloss": 0.0435977429151535}