{"testloss": 9.248591423034668, "testacc": 0.13725490196078433}