{"3": 0.6074074074074074, "4": 0.5925925925925926, "5": 0.6148148148148148, "6": 0.6296296296296297, "7": 0.562962962962963, "8": 0.562962962962963, "9": 0.5703703703703704, "10": 0.5333333333333333, "11": 0.5259259259259259, "12": 0.5111111111111111}