{
  "3": 0.8435754189944135,
  "4": 0.8212290502793296,
  "5": 0.8379888268156425,
  "6": 0.8379888268156425,
  "7": 0.8491620111731844,
  "8": 0.8100558659217877,
  "9": 0.7821229050279329,
  "10": 0.7486033519553073
}
