{"trainacc": [0.31074887786439875, 0.6398299078667612, 0.7983935742971887, 0.8994094023151429, 0.9381762343491613, 0.9625324828726671, 0.9745806756437515, 0.9812662414363336, 0.972785258681786, 0.9910229151901725, 0.9838412473423104, 0.9862036380817387, 0.9848570753602646, 0.9879518072289156, 0.9913772738010866, 0.9957713205764234, 0.9921332388377038, 0.9837703756201276, 0.9916607606898181, 0.9879045594141271], "trainloss": [2.287824952909351, 1.1632974280157524, 0.6290458013705544, 0.3151934891763151, 0.19720057369390898, 0.12451374778968911, 0.08886286826835522, 0.06394115336522717, 0.08957269988441872, 0.03277248094866469, 0.05532214839249927, 0.04848475757781253, 0.055318367092157546, 0.04213774191933323, 0.030392982114960953, 0.015613767573424695, 0.027360302681037785, 0.05807796877934497, 0.030138175254487455, 0.05563327018105545], "devacc": [0.13291139240506328, 0.2320675105485232, 0.2869198312236287, 0.3027426160337553, 0.29957805907172996, 0.29535864978902954, 0.29641350210970463, 0.3037974683544304, 0.29535864978902954, 0.2890295358649789, 0.290084388185654, 0.28164556962025317, 0.31751054852320676, 0.3291139240506329, 0.29535864978902954, 0.2489451476793249, 0.2911392405063291, 0.2921940928270042, 0.2974683544303797, 0.2848101265822785], "devloss": [3.0527236572297816, 3.191743567020078, 3.4999121814840453, 4.107968718693729, 5.44527727843337, 5.310288541930637, 6.2185273432027435, 6.2064422877026, 6.361352222378244, 7.356160693027802, 6.749475368467564, 7.956325376084083, 7.4740427777737, 6.796873265680884, 6.854702239298116, 8.98249617306995, 7.33455477686371, 7.503774950775919, 7.691015497038636, 8.562848219891642], "testacc": 0.3961499493414387, "testloss": 8.830675380691327}