{"trainacc": [0.9872115384615384, 0.9847596153846154, 0.9887259615384615, 0.9836538461538461, 0.9888461538461538, 0.9924038461538461, 0.9909134615384615, 0.9888221153846154, 0.9932692307692308, 0.9940144230769231, 0.9884375, 0.9820432692307692, 0.9915144230769231, 0.9908173076923077, 0.989423076923077, 0.9895192307692308, 0.9936538461538461, 0.9926923076923077, 0.9941826923076923, 0.9962259615384615], "trainloss": [0.04661028316723577, 0.05242881841303852, 0.04133116564480588, 0.06111545695882971, 0.04385605050797144, 0.028183150364874072, 0.03188243877957575, 0.03954901056176123, 0.022683201396900516, 0.02164279828810742, 0.04252533785452565, 0.06912358435399185, 0.028933697795414794, 0.0323775797307742, 0.04539035892902085, 0.03816212213356406, 0.02167529115887681, 0.02957836180128372, 0.0207982685953119, 0.014173020513016336], "devacc": [0.7576923076923077, 0.7451923076923077, 0.7653846153846153, 0.7528846153846154, 0.7528846153846154, 0.7663461538461539, 0.7615384615384615, 0.760576923076923, 0.7673076923076924, 0.7692307692307693, 0.7480769230769231, 0.7548076923076923, 0.7740384615384616, 0.7730769230769231, 0.75, 0.7682692307692308, 0.7557692307692307, 0.7586538461538461, 0.7586538461538461, 0.7701923076923077], "devloss": [2.0863416836811948, 2.185842757041638, 1.9899003528631651, 2.01821499145948, 2.138488384393545, 2.0073676201013417, 2.0484141386472263, 2.147237486564196, 2.145896155100602, 2.2030286467992344, 2.1906870007514954, 2.2115846826479983, 2.0532547533512115, 2.151444600178645, 2.181203780265955, 2.0321312111157637, 2.1460376267249766, 2.132548153400421, 2.128807003681476, 2.0133807475750265], "testacc": 0.7838616714697406, "testloss": 2.007141211076383}