{"trainacc": [0.37790865384615385, 0.6906009615384615, 0.8387740384615384, 0.9067548076923077, 0.9458413461538462, 0.9634375, 0.971610576923077, 0.9806730769230769, 0.9810336538461538, 0.9824038461538461, 0.9880769230769231, 0.9879567307692307, 0.9848076923076923, 0.9930288461538461, 0.9817307692307692, 0.9879086538461539, 0.9860817307692308, 0.9902644230769231, 0.9919230769230769, 0.9908653846153846], "trainloss": [2.019430611282587, 1.0157071811935077, 0.5124957016311013, 0.29004434388704026, 0.17698415426107553, 0.12303681940270159, 0.09888304095679465, 0.06708014573758611, 0.07093465238666305, 0.061397055383377634, 0.04113811936426478, 0.04213309365933618, 0.061047491196614616, 0.025240398506866768, 0.060481940678213365, 0.04585148222619095, 0.051337307574263275, 0.038098065857551634, 0.04554424175092628, 0.04242974990763916], "devacc": [0.4009615384615385, 0.6211538461538462, 0.6990384615384615, 0.7144230769230769, 0.7403846153846154, 0.7326923076923076, 0.7461538461538462, 0.7423076923076923, 0.7692307692307693, 0.7480769230769231, 0.7538461538461538, 0.75, 0.7615384615384615, 0.7663461538461539, 0.7442307692307693, 0.7615384615384615, 0.7557692307692307, 0.7625, 0.7576923076923077, 0.7673076923076924], "devloss": [2.0451032037918386, 1.3558958081098704, 1.2425738985721881, 1.3873514670592089, 1.5150411472870753, 1.4985613754162421, 1.6851233198092535, 1.6751060073192303, 1.7732033316905682, 1.7783363048846905, 1.8485193367187793, 1.8216638496288886, 1.9176894609744732, 1.760793034846966, 1.8930601156674898, 1.7851441502571106, 1.9000799518365126, 1.9017644432874827, 1.8879431875852437, 1.6581797485168164]}