{"trainacc": [0.14403624054161687, 0.4489247311827957, 0.7406113102349662, 0.8450816407805655, 0.9139784946236559, 0.9297690163281561, 0.9526085225009956, 0.9640083632019116, 0.9749004380724811, 0.9803166069295102, 0.9805754679410593, 0.9855336519315014, 0.9832536837913182, 0.9827857427319793, 0.9883213859020311], "trainloss": [2.9136298316638816, 1.782907179250797, 0.8249481233502232, 0.4848730348166314, 0.26930639947115875, 0.2167560417325266, 0.14626390000041953, 0.10871889517423357, 0.08035119946961478, 0.062284743386624535, 0.059641107215836486, 0.046455246584407604, 0.05413551493286374, 0.05324569634042831, 0.03569353720687303], "devacc": [0.1692780337941628, 0.4967741935483871, 0.7901689708141321, 0.861136712749616, 0.9155145929339478, 0.922273425499232, 0.9425499231950845, 0.9499231950844854, 0.949615975422427, 0.9517665130568357, 0.9523809523809523, 0.9533026113671275, 0.9572964669738864, 0.9465437788018434, 0.9591397849462365], "devloss": [2.813829776878181, 1.6764615818102788, 0.7508004475299115, 0.5269756532759161, 0.35602517075802326, 0.33101059201126276, 0.28011376723166437, 0.2466886775559544, 0.26186470872795525, 0.25703611022316364, 0.2837196331694379, 0.2688289967275435, 0.2454074924717301, 0.29860026468329715, 0.26766654766649695], "testacc": 1.0, "testloss": 0.003850746201351285}