{"trainacc": [0.1314516129032258, 0.41019514137793706, 0.5756670649143767, 0.6656113102349661, 0.7582337714058144, 0.8243628036638789, 0.8720230983671844, 0.8935981680605336, 0.91452608522501, 0.9299980087614497, 0.9259757068896853, 0.9534547988849064, 0.9486957387495022, 0.9649542015133413, 0.9704301075268817], "trainloss": [2.9762166576146223, 1.9063671266875957, 1.3266087920719862, 1.0304903752273984, 0.7453365112291015, 0.5513945485742289, 0.39405818255072994, 0.3305238453646857, 0.26337586411830205, 0.2115937611054776, 0.2176201250604404, 0.13840523959897466, 0.1527713945262321, 0.1079318378534582, 0.09002071711164648], "devacc": [0.15299539170506912, 0.49062980030721964, 0.6279569892473118, 0.7047619047619048, 0.7824884792626728, 0.8454685099846391, 0.8685099846390169, 0.8847926267281107, 0.9050691244239631, 0.9050691244239631, 0.9026113671274961, 0.9311827956989247, 0.9145929339477726, 0.9447004608294931, 0.9397849462365592], "devloss": [2.898224385652674, 1.6907599488711027, 1.1837373977432604, 0.8874789009445824, 0.7031642643537389, 0.5230649665753413, 0.4330575630961475, 0.4051817526465737, 0.3516595808591711, 0.36091781919178323, 0.33716990733476276, 0.2675173350605547, 0.2875150801948688, 0.25998822582482195, 0.26301471229797135], "testacc": 1.0, "testloss": 0.0061779022216796875}