{"trainacc": [0.11432696136997213, 0.27399442453205897, 0.4592891278375149, 0.6306551174830745, 0.76047391477499, 0.8261449621664675, 0.8488649940262843, 0.8987753882915174, 0.9139386698526484, 0.9275587415372362, 0.9248407009159697, 0.929410593389088, 0.953853046594982, 0.9567901234567902, 0.9613699721226603], "trainloss": [3.0847172465090824, 2.4541332972377288, 1.7707842892500947, 1.200004858284156, 0.7817252054365448, 0.5737358166467902, 0.4692932423760529, 0.32931428004763885, 0.2702480604785318, 0.22757494149633917, 0.23125824839624454, 0.21914523320991364, 0.14657768900890078, 0.13730306807224468, 0.11968169267886855], "devacc": [0.14101382488479264, 0.3456221198156682, 0.5425499231950844, 0.7241167434715822, 0.8168970814132105, 0.858678955453149, 0.8721966205837174, 0.9195084485407066, 0.9142857142857143, 0.9327188940092166, 0.9225806451612903, 0.9235023041474655, 0.9339477726574501, 0.9391705069124424, 0.9450076804915515], "devloss": [3.025471988361552, 2.1982947758265903, 1.4462207852420719, 0.843650527264116, 0.5619078457080824, 0.4654330317325856, 0.40751440404197586, 0.2753697290398558, 0.2895276069915789, 0.24185561275427242, 0.2653622127348377, 0.25659572199193015, 0.2250183308454153, 0.22123219752641318, 0.21292656828318873], "testacc": 0.8, "testloss": 0.24373874068260193}