{"trainacc": [0.11114097968936679, 0.24170649143767423, 0.42503982477100755, 0.5884408602150538, 0.6873456790123457, 0.7521007566706491, 0.8160892074870569, 0.8564217443249701, 0.8718837116686579, 0.8935882118677818, 0.9094982078853047, 0.9115491835921944, 0.9288032656312226, 0.9413381123058543, 0.9422441258462764], "trainloss": [3.1027940231127267, 2.553832696899861, 1.855715377213992, 1.3341353047136195, 1.03008732235275, 0.7867514356134043, 0.5904435111274287, 0.46426855771843534, 0.40571640640176754, 0.3381094796540774, 0.2884217406686489, 0.27586094777821923, 0.2234606188738645, 0.18745617453663152, 0.17809547155454594], "devacc": [0.17634408602150536, 0.3385560675883256, 0.5167434715821813, 0.7152073732718894, 0.7910906298003072, 0.851305683563748, 0.8789554531490016, 0.9069124423963134, 0.9130568356374807, 0.9284178187403994, 0.9336405529953917, 0.9447004608294931, 0.9407066052227343, 0.9508448540706606, 0.9520737327188941], "devloss": [3.0034302929030035, 2.2402334454971524, 1.4908982916361726, 0.9579210001202773, 0.6538920493169864, 0.48584410040059944, 0.36887323773951025, 0.2954692197834841, 0.2839243203264228, 0.24370339169480285, 0.19799725004055532, 0.17933094219952683, 0.17385075447334122, 0.15573448677491483, 0.1403198715316535], "testacc": 1.0, "testloss": 0.05114708095788956}