{"trainacc": [0.11382915173237754, 0.21082238152130625, 0.40737753882915173, 0.583363201911589, 0.7013241736360016, 0.7781561131023497, 0.8328454798884907, 0.8501592990840303, 0.9024591796097172, 0.9227598566308244, 0.9312923138191955, 0.9272500995619275, 0.9454699322978893, 0.9540123456790124, 0.9531561131023497], "trainloss": [3.0966632712271904, 2.651399156810847, 1.9578315173425982, 1.3571650435705196, 0.9677797746060143, 0.7154972116722144, 0.5341577027148813, 0.47741381337993033, 0.3154181567429072, 0.2483657052475634, 0.22127306905520575, 0.2338577680636905, 0.17099119430872986, 0.1448990580500098, 0.14383818594607545], "devacc": [0.12903225806451613, 0.24700460829493087, 0.5136712749615976, 0.7078341013824885, 0.7904761904761904, 0.8402457757296466, 0.8866359447004608, 0.8912442396313364, 0.9231950844854071, 0.9299539170506912, 0.9348694316436252, 0.9250384024577573, 0.9434715821812596, 0.938863287250384, 0.9410138248847926], "devloss": [3.0390058223003615, 2.492468688894527, 1.6851142793207126, 1.061530322523161, 0.7480144539187031, 0.6024887229440399, 0.4386505988611054, 0.4642403430653058, 0.33920422965480435, 0.3221114879379624, 0.30505770067190796, 0.3491753228523764, 0.3073572803477538, 0.32057006279444367, 0.2925938548442955], "testacc": 1.0, "testloss": 0.012472343631088734}