{"trainacc": [0.17195340501792114, 0.41872759856630826, 0.6843986459577858, 0.810762644364795, 0.8692254082039028, 0.9138092393468737, 0.9283651931501394, 0.9564018319394664, 0.9575169255276782, 0.974452409398646, 0.9791119076065312, 0.9766726403823178, 0.9779868578255675, 0.9756272401433692, 0.9845977698128235], "trainloss": [2.8187370287474764, 1.900261851906634, 0.9786939338615148, 0.5866169997156022, 0.39357157850920654, 0.26649486338508316, 0.20992727477989173, 0.1372501746870426, 0.12747951325478662, 0.07956763722999477, 0.06613587368426571, 0.07097349773197832, 0.06714455674768491, 0.07034162473124914, 0.04745179262532983], "devacc": [0.20491551459293394, 0.4860215053763441, 0.7551459293394778, 0.8506912442396314, 0.890015360983103, 0.9152073732718894, 0.9228878648233487, 0.9428571428571428, 0.9468509984639016, 0.9551459293394777, 0.9560675883256529, 0.9560675883256529, 0.9502304147465438, 0.9539170506912442, 0.957910906298003], "devloss": [2.709142579461023, 1.7262852186431532, 0.8683700951563048, 0.5678220745605258, 0.4439260097143288, 0.4002881203928301, 0.37046547872679575, 0.28937335703779477, 0.2925493504319872, 0.29534475374881025, 0.3021355030998107, 0.2713271568997115, 0.30831661628138635, 0.28094559166288596, 0.27316153413414407], "testacc": 1.0, "testloss": 0.0031455992721021175}