{"trainacc": [0.2507964954201513, 0.6851154918359219, 0.8552966945440064, 0.9233572281959379, 0.9489645559538032, 0.9714854639585823, 0.979221425726802, 0.9853444842692155, 0.9869772998805257, 0.988142174432497, 0.9852548785344484, 0.9882516925527678, 0.9928016726403823, 0.9911887694145759, 0.9928713659896455], "trainloss": [2.4469256876759773, 0.9938004120846091, 0.4404719581420276, 0.23502435267256436, 0.14922309567619965, 0.08465904210835445, 0.06389560745172247, 0.04368191554679523, 0.04068775696784543, 0.03685081498241197, 0.0443117412468118, 0.03466244262788921, 0.021541735200765525, 0.028025029574297235, 0.023012474074674907], "devacc": [0.2574500768049155, 0.7195084485407066, 0.8494623655913979, 0.9093701996927803, 0.9250384024577573, 0.9407066052227343, 0.94715821812596, 0.9511520737327189, 0.9582181259600614, 0.9566820276497696, 0.9490015360983103, 0.9594470046082949, 0.9572964669738864, 0.9554531490015361, 0.9634408602150538], "devloss": [2.3799450375517393, 0.8866478534338111, 0.4786619859906386, 0.3054900717350744, 0.2459506344410681, 0.2290905014985168, 0.2034801403704327, 0.2011166170994807, 0.17132818575278955, 0.1971826356951542, 0.1714859935819828, 0.1831507114908113, 0.19319728868348257, 0.20730813314563118, 0.19770956108097656], "testacc": 1.0, "testloss": 7.286071922862902e-05}