{"trainacc": [0.22496017522899242, 0.5971027479091995, 0.7911190760653126, 0.8794902429311031, 0.927668259657507, 0.9460772600557547, 0.9675428116288332, 0.9738152130625249, 0.9777080844285145, 0.982994822779769, 0.98510553564317, 0.9921346077260056, 0.9912385503783353, 0.9906511350059737, 0.9849462365591398], "trainloss": [2.624553978229509, 1.2797812447040882, 0.6433542338394634, 0.3755259183074126, 0.22577649109252465, 0.1621409544594399, 0.09887940548760916, 0.08110245833954503, 0.06900399691439729, 0.05150989472438785, 0.04541792274812145, 0.025719948256501802, 0.0288856972616473, 0.028532427269409064, 0.04451758020280403], "devacc": [0.2466973886328725, 0.6571428571428571, 0.8270353302611367, 0.8940092165898618, 0.928110599078341, 0.941321044546851, 0.9456221198156682, 0.9517665130568357, 0.9529953917050691, 0.9539170506912442, 0.957910906298003, 0.956989247311828, 0.96036866359447, 0.9628264208909371, 0.9551459293394777], "devloss": [2.5557307263123823, 1.1484915127951978, 0.6168219812454716, 0.4424166031147478, 0.35576871875244354, 0.29701463486741764, 0.28563177681738333, 0.2678784729423611, 0.26029433722045564, 0.29208364107641754, 0.2680077723094395, 0.2762117674273829, 0.25799441900670805, 0.2888449992177673, 0.3188625038494163], "testacc": 1.0, "testloss": 0.00701980572193861}