{"trainacc": [0.11833930704898447, 0.3704201513341298, 0.5765830346475508, 0.6683990442054958, 0.7614297092791716, 0.8245221027479092, 0.8680306650736759, 0.8880923934687376, 0.9065013938669853, 0.929320987654321, 0.9436678614097969, 0.9479291119076065, 0.9503584229390681, 0.9682098765432099, 0.9651234567901235], "trainloss": [3.0432448496812845, 2.0677340499246704, 1.32254563665447, 1.0224408583188143, 0.7432906697086963, 0.5412190398256981, 0.4098100996750942, 0.3359502149098236, 0.2819894877848802, 0.21352720488499286, 0.17469344989551297, 0.15576724902133646, 0.14551039473148086, 0.10000323180193826, 0.10598003636854239], "devacc": [0.1400921658986175, 0.434715821812596, 0.634715821812596, 0.698310291858679, 0.7969278033794163, 0.8365591397849462, 0.8663594470046083, 0.871889400921659, 0.895852534562212, 0.9099846390168971, 0.9164362519201229, 0.9262672811059908, 0.9238095238095239, 0.9296466973886329, 0.9354838709677419], "devloss": [2.983375375721312, 1.9264912962364162, 1.1721333550967379, 0.9459213850684979, 0.6823828409893722, 0.5451656645893501, 0.42784795110126794, 0.3853837184367641, 0.343032687353099, 0.326485826535159, 0.2630047533094608, 0.27621572536806904, 0.25548831356285906, 0.25732893568854176, 0.25759862394239497], "testacc": 1.0, "testloss": 0.0005165099864825606}