{"trainacc": [0.1979390681003584, 0.5797291915571485, 0.820221027479092, 0.9079251294305057, 0.9388490641178813, 0.9569494225408204, 0.9666567104739148, 0.9770111509358821, 0.9862604540023895, 0.9865989645559538, 0.989984070091597, 0.9876344086021506, 0.9918558343289526, 0.9920151334129829, 0.992005177220231], "trainloss": [2.6876109787212905, 1.3158254252397317, 0.5604174273842979, 0.28507568075665435, 0.18762642713964625, 0.12584556749128384, 0.09631895548536074, 0.0692253364884298, 0.04232035561496995, 0.04189059444621935, 0.030991092177381652, 0.03676924695735942, 0.025565291895100508, 0.024506526110135242, 0.02325246671354899], "devacc": [0.20368663594470046, 0.6476190476190476, 0.8574500768049155, 0.8986175115207373, 0.9382488479262673, 0.9308755760368663, 0.9351766513056836, 0.9459293394777266, 0.9563748079877112, 0.9533026113671275, 0.9640552995391705, 0.9490015360983103, 0.9585253456221198, 0.9576036866359448, 0.9542242703533026], "devloss": [2.645144946014826, 1.0805461895630657, 0.4944818434627375, 0.36809113072360167, 0.2631211322710811, 0.2654787895316902, 0.21976730529613758, 0.25775091130337957, 0.21602745649452035, 0.22246441128341832, 0.17279514711573377, 0.22984951068454074, 0.19538020799236913, 0.19273411884285888, 0.21883731345701876], "testacc": 1.0, "testloss": 4.539489600574598e-05}