{"trainacc": [0.2952110712863401, 0.6330545599362803, 0.8426622859418559, 0.9201911589008364, 0.9406411788132218, 0.9572779769016329, 0.9644763042612505, 0.9765830346475508, 0.980973715651135, 0.988610115491836, 0.9889984070091598, 0.9924731182795699, 0.9925527678215851, 0.9913381123058542, 0.9913679808841099], "trainloss": [2.316421396700997, 1.159795963422372, 0.4864044331877605, 0.24820032616100288, 0.177273038770278, 0.1294430608960178, 0.1074011010499482, 0.06770407308556202, 0.056658590141252095, 0.03508391353249407, 0.0338683606591632, 0.023417115148063414, 0.023293021085517417, 0.026153809641317655, 0.0258874553611798], "devacc": [0.3247311827956989, 0.6506912442396313, 0.837173579109063, 0.9053763440860215, 0.9284178187403994, 0.9385560675883257, 0.9268817204301075, 0.9453149001536099, 0.9572964669738864, 0.9542242703533026, 0.9499231950844854, 0.957910906298003, 0.949615975422427, 0.9572964669738864, 0.957910906298003], "devloss": [2.227876742314633, 1.104616166259836, 0.5548977788692245, 0.3068040944464196, 0.2485312568152555, 0.22382832411247464, 0.2739325283172493, 0.19706489056486137, 0.17974117473797865, 0.18864894201678614, 0.19163764951415874, 0.14243220822877048, 0.17491692874563455, 0.16012942111162545, 0.19104443538573482], "testacc": 1.0, "testloss": 7.43865966796875e-05}