{"trainacc": [0.18272600557546795, 0.5077956989247312, 0.7091796097172441, 0.8206093189964158, 0.893847072879331, 0.9270211071286341, 0.93878932696137, 0.966089207487057, 0.9672540820390283, 0.9743926722421347, 0.9763639984070092, 0.9828952608522501, 0.9817901234567902, 0.985294703305456, 0.990810434090004], "trainloss": [2.7742598086702355, 1.576051403900771, 0.9000301570447969, 0.5517256048061799, 0.3308414775731316, 0.22515448917197498, 0.18379176264737812, 0.10557133779196756, 0.10019693204080475, 0.07746008012261299, 0.07039248054956165, 0.05315158821045996, 0.054105198017478415, 0.045744416576542025, 0.029414731737675774], "devacc": [0.2196620583717358, 0.5671274961597542, 0.7428571428571429, 0.8433179723502304, 0.8884792626728111, 0.9118279569892473, 0.9317972350230415, 0.941321044546851, 0.936405529953917, 0.941321044546851, 0.9443932411674347, 0.9597542242703533, 0.9557603686635945, 0.9526881720430107, 0.9576036866359448], "devloss": [2.646798978752804, 1.3747747504766086, 0.8057490183461097, 0.5196982959997819, 0.37927103701824416, 0.34468994917957463, 0.25061934733171065, 0.2501984399996595, 0.23658744407139615, 0.256903617887453, 0.22255931877046137, 0.19009252105440413, 0.21012556346880126, 0.19513285771218314, 0.18594526056595112], "testacc": 1.0, "testloss": 0.0007892608409747481}