{"trainacc": [0.18837116686579053, 0.5435483870967742, 0.8023098367184389, 0.8903524492234169, 0.9259557945041816, 0.9543110314615691, 0.9676622859418559, 0.9762743926722421, 0.9803962564715253, 0.9838410991636798, 0.9891975308641975, 0.978584229390681, 0.991636798088411, 0.9937076861808044, 0.9855336519315014], "trainloss": [2.7625932103844097, 1.4356903295647998, 0.6128974381740803, 0.34779576540634194, 0.23034939617630687, 0.1397719975458536, 0.10237971602036677, 0.07416538984081936, 0.0616386553168012, 0.04986274356006899, 0.03525448091808827, 0.061517708575444266, 0.02805085655072595, 0.021072124674573558, 0.042549373853502166], "devacc": [0.21228878648233487, 0.627342549923195, 0.8245775729646697, 0.8906298003072196, 0.9216589861751152, 0.936405529953917, 0.9456221198156682, 0.9511520737327189, 0.9493087557603687, 0.9477726574500768, 0.9585253456221198, 0.9459293394777266, 0.9548387096774194, 0.9591397849462365, 0.957910906298003], "devloss": [2.6924401505202193, 1.2437121412171745, 0.5441989733876171, 0.3812090556742409, 0.31087121422389685, 0.256561892647897, 0.20899888337482506, 0.2030551369701113, 0.23188121987652668, 0.2515065778510362, 0.18644725689278221, 0.24306826259134, 0.19614166907176445, 0.17627114792298612, 0.20936838149475062], "testacc": 1.0, "testloss": 0.0003078460576944053}