{"trainacc": [0.10673038630027877, 0.2613699721226603, 0.4147451214655516, 0.5339008363201911, 0.5993926722421347, 0.6451015531660693, 0.6842094782954998, 0.7241138988450816, 0.757636399840701, 0.7648247710075667, 0.800647152528873, 0.8231381919553963, 0.8509458383114297, 0.8532457188371166, 0.8634607726005575], "trainloss": [3.1033238213834227, 2.4695322069215946, 1.9340618393754447, 1.5011705708475238, 1.274616133354898, 1.12370736532029, 0.9869929895677304, 0.8596739632254433, 0.7601270329567694, 0.7235474632774772, 0.611025480350998, 0.5444336376345428, 0.4642863518768741, 0.4510320653624859, 0.41457039626980624], "devacc": [0.15115207373271888, 0.328110599078341, 0.5179723502304148, 0.623963133640553, 0.6786482334869431, 0.7093701996927804, 0.7585253456221198, 0.8003072196620584, 0.8310291858678955, 0.8341013824884793, 0.8635944700460829, 0.8792626728110599, 0.8976958525345622, 0.8890937019969278, 0.8970814132104454], "devloss": [3.017926352364676, 2.253281728463239, 1.6135730358862108, 1.2257102156564388, 1.019746226099779, 0.8880477097177286, 0.744873646492233, 0.6356773560497618, 0.5237926236495444, 0.5208883219600273, 0.4384762349491295, 0.3681911732743962, 0.32321277398118226, 0.3329485930880094, 0.32061315818865727], "testacc": 1.0, "testloss": 0.05640354007482529}