{"trainacc": [0.0606431700517722, 0.11942453205894066, 0.24114894464356829, 0.4690063719633612, 0.6833930704898447, 0.7934289127837515, 0.8731979291119076, 0.9045300677021108, 0.9279171644763042, 0.9465949820788531, 0.9553663878932697, 0.9616089207487057, 0.9670549581839905, 0.9745619275189168, 0.9740043807248109], "trainloss": [3.2540851993800066, 2.982612092292722, 2.478664049538233, 1.7265098934532495, 1.0678374482810569, 0.6828816685126816, 0.43246062171145866, 0.32318903261900234, 0.24154354650594, 0.18155485650651343, 0.1538054331905668, 0.12820687962600263, 0.10789070546787272, 0.08556197626847804, 0.08736785835494135], "devacc": [0.07373271889400922, 0.13425499231950844, 0.27926267281105993, 0.5333333333333333, 0.7308755760368664, 0.808294930875576, 0.9102918586789555, 0.9290322580645162, 0.946236559139785, 0.9474654377880184, 0.9634408602150538, 0.9680491551459294, 0.9662058371735791, 0.9726574500768049, 0.9757296466973886], "devloss": [3.248782485311482, 2.9042279214902957, 2.3350765309575516, 1.4915626444574874, 0.8717691555001219, 0.561936672382091, 0.3181564862827002, 0.23196825549899158, 0.19650461589960458, 0.17737196495730756, 0.1274684758916978, 0.12032506587455899, 0.10658709519469793, 0.09107557265302553, 0.09428342273845101], "testacc": 0.8, "testloss": 1.0730247497558594}