{"trainacc": [0.2290521704500199, 0.5780963759458383, 0.8250796495420152, 0.9120370370370371, 0.9514934289127838, 0.9669852648347272, 0.982994822779769, 0.9798287534846675, 0.9859518120270808, 0.9886598964555954, 0.9886598964555954, 0.9922341696535245, 0.9913978494623656, 0.993657905217045, 0.9911987256073278], "trainloss": [2.5635075368334315, 1.3001332471732454, 0.5429192326758213, 0.2649880880523326, 0.14562485203271555, 0.0998534946485446, 0.05336544428603766, 0.05988966893702923, 0.04294408834789709, 0.03522060804064592, 0.03564517364226362, 0.02529907776565784, 0.025734456505274828, 0.01942672169007352, 0.027462707218806413], "devacc": [0.2488479262672811, 0.6442396313364055, 0.8445468509984639, 0.9207373271889401, 0.930568356374808, 0.9459293394777266, 0.9511520737327189, 0.9529953917050691, 0.9557603686635945, 0.9502304147465438, 0.9505376344086022, 0.9526881720430107, 0.96036866359447, 0.9600614439324117, 0.9499231950844854], "devloss": [2.4656119621294437, 1.1866181259331066, 0.5781563663262925, 0.3743825120859981, 0.32896018866020416, 0.3106936561072477, 0.305899275887397, 0.27948706284646063, 0.3137819469661757, 0.3042308673056589, 0.35174678492655953, 0.3639644793651071, 0.3253646130386036, 0.32126317128607756, 0.33685401995335856], "testacc": 1.0, "testloss": 3.547668529790826e-05}