{"trainacc": [0.28489645559538035, 0.6178912783751493, 0.805874153723616, 0.8997510951812027, 0.9464655515730784, 0.9641477499004381, 0.9808641975308642, 0.9796893667861409, 0.9857128634010355, 0.9776583034647551, 0.9892871365989645, 0.9873257666268419, 0.9934587813620072, 0.9933592194344882, 0.9920350457984867], "trainloss": [2.3457661304565027, 1.1906009466702223, 0.5958903114997928, 0.3023712111808351, 0.16385471980168687, 0.10520397643408468, 0.060263123799431426, 0.06101164683307941, 0.04395378362098119, 0.0628554874445838, 0.033283358647876383, 0.03757639564996587, 0.021160288313303584, 0.02044343905247472, 0.0246430727694375], "devacc": [0.30230414746543777, 0.6758832565284179, 0.8319508448540707, 0.9084485407066052, 0.9268817204301075, 0.9354838709677419, 0.9483870967741935, 0.9477726574500768, 0.9508448540706606, 0.9391705069124424, 0.9465437788018434, 0.9526881720430107, 0.957910906298003, 0.9539170506912442, 0.9548387096774194], "devloss": [2.2986074306997835, 1.0760486779674407, 0.5983411834536609, 0.39424463612143346, 0.36570123909255875, 0.3245728125769971, 0.3150853709691131, 0.32696202589619544, 0.3060340047019967, 0.39839976009685324, 0.3530561205703542, 0.3041494832747543, 0.3066300819821072, 0.3481597980046602, 0.33576453885724467], "testacc": 1.0, "testloss": 0.0005123138544149697}