{"trainacc": [0.1199820788530466, 0.22167463162086817, 0.3674532058940661, 0.5186180804460374, 0.6242035045798486, 0.6947431302270012, 0.7655017921146954, 0.7854042214257269, 0.8265929908403027, 0.8389984070091597, 0.8641676622859419, 0.8664774990043808, 0.9014436479490243, 0.9044902429311031, 0.920221027479092], "trainloss": [3.0942791372786855, 2.6488081834934376, 2.0938428823381057, 1.5817877937958373, 1.2278709112529687, 0.995680074537954, 0.7663236768869516, 0.704009401791127, 0.5689769360540589, 0.5189745121211561, 0.4461463778819377, 0.4284732760494328, 0.32614075751216326, 0.30354418056341625, 0.25864397870597017], "devacc": [0.13978494623655913, 0.2672811059907834, 0.47619047619047616, 0.6639016897081413, 0.7253456221198157, 0.804915514592934, 0.8399385560675883, 0.8519201228878648, 0.8731182795698925, 0.8715821812596006, 0.8952380952380953, 0.8897081413210446, 0.9059907834101383, 0.9078341013824884, 0.9195084485407066], "devloss": [3.0298824541030394, 2.432505247230354, 1.730419979117433, 1.1900106734394478, 0.9284533896753865, 0.7114609515612027, 0.5974233496573663, 0.5043280970665717, 0.4475578735775662, 0.4393963967600176, 0.34884686665051545, 0.3527433666216064, 0.3103066789939107, 0.2905062671905289, 0.2496365227732241], "testacc": 1.0, "testloss": 0.039014626294374466}