{"trainacc": [0.10397252090800478, 0.18620071684587813, 0.26214655515730784, 0.34981083233771404, 0.43450816407805654, 0.5321385902031064, 0.5702708084428515, 0.6403325368379131, 0.6929111907606531, 0.7144663480684986, 0.7577060931899642, 0.7661290322580645, 0.7981979291119076, 0.8144663480684986, 0.8322082835523695], "trainloss": [3.126044240191561, 2.8232428326828933, 2.5071130914072834, 2.169226856072174, 1.858552068863576, 1.5361304804415685, 1.3822158913316123, 1.166686008267078, 1.0062466215346735, 0.9238707893566989, 0.7968886486091067, 0.7534153287698434, 0.658215957018352, 0.5985937301901791, 0.5396915729577111], "devacc": [0.12012288786482335, 0.2411674347158218, 0.34070660522273427, 0.46728110599078343, 0.5345622119815668, 0.6294930875576037, 0.6522273425499232, 0.7250384024577573, 0.7560675883256528, 0.7745007680491551, 0.8165898617511521, 0.8218125960061444, 0.8457757296466973, 0.8491551459293395, 0.8789554531490016], "devloss": [3.0536497100707023, 2.6844272822278987, 2.266686480166176, 1.827055888791238, 1.5219592833848592, 1.2360422572781962, 1.0963129689616542, 0.9253513126329342, 0.7995285812061503, 0.7661632214273725, 0.6560697701120157, 0.6261963097181188, 0.557150301021365, 0.5181350058399588, 0.4646630759612756], "testacc": 1.0, "testloss": 0.1093677505850792}