{"trainacc": [0.17805655117483074, 0.518299482277977, 0.790900039824771, 0.8819095977698128, 0.9202409398645958, 0.9548287534846674, 0.9659796893667861, 0.9742234169653524, 0.9802668259657507, 0.9834627638391079, 0.986021505376344, 0.9847570688968539, 0.9880923934687376, 0.989068100358423, 0.9930306650736759], "trainloss": [2.749391559061896, 1.5649759012453588, 0.6571768499830718, 0.3676703871720723, 0.24520098605819643, 0.14192442136194686, 0.10572312016979198, 0.08098522429727241, 0.06402340220018171, 0.05232195042322969, 0.043191382595813045, 0.045095984683802694, 0.038947742382284774, 0.031530856999391725, 0.022967728623161213], "devacc": [0.17665130568356374, 0.5643625192012289, 0.8218125960061444, 0.8743471582181259, 0.9035330261136713, 0.9265745007680491, 0.9453149001536099, 0.9490015360983103, 0.9493087557603687, 0.9480798771121351, 0.9554531490015361, 0.9354838709677419, 0.9560675883256529, 0.9551459293394777, 0.9606758832565284], "devloss": [2.7128519001094977, 1.4238667411188926, 0.5979026020397239, 0.3943054148678406, 0.31325278716153265, 0.27493958264451973, 0.24779266338743922, 0.216878835369365, 0.23549782982619677, 0.22197972121326603, 0.20563873507872155, 0.27317471506958185, 0.22463663670873862, 0.2352191369791734, 0.2220965926685641], "testacc": 1.0, "testloss": 0.00021667480177711695}