{"trainacc": [0.06201712465153325, 0.10900039824771007, 0.18186977299880525, 0.3054062126642772, 0.4460274790919952, 0.5709378733572282, 0.6326762246117085, 0.7242532855436081, 0.7756172839506172, 0.8220728793309439, 0.8558442851453604, 0.8719135802469136, 0.8943747510951812, 0.9022202309836719, 0.9147749900438072], "trainloss": [3.252901874135472, 3.0657920573917057, 2.7915217947646567, 2.2847379067180547, 1.806597588879803, 1.3815864081735965, 1.1832685353080858, 0.8936573314695233, 0.7185787924942577, 0.5922580067259722, 0.4818441067758854, 0.42747044356777963, 0.35632966437433783, 0.3224988123813695, 0.28264085593296207], "devacc": [0.06267281105990784, 0.13732718894009216, 0.21351766513056836, 0.37480798771121354, 0.546236559139785, 0.690937019969278, 0.738863287250384, 0.8070660522273425, 0.8313364055299539, 0.8617511520737328, 0.8774193548387097, 0.8890937019969278, 0.9047619047619048, 0.9038402457757296, 0.909062980030722], "devloss": [3.2358930682257023, 2.97361561669732, 2.6780996036969023, 2.061912701426563, 1.5368123774154945, 1.1005704287559754, 0.9201408347226507, 0.7094941567715412, 0.614112518624776, 0.522377983765668, 0.4686157656704775, 0.4626744491164036, 0.3651408180937789, 0.3856963343609313, 0.35535438983671125], "testacc": 1.0, "testloss": 0.02683420106768608}