{"trainacc": [0.134468339307049, 0.24705296694544007, 0.38091397849462366, 0.5447829549980088, 0.6844583831142971, 0.7284348864994026, 0.8091497411389884, 0.8432994822779769, 0.8749303066507368, 0.8850955794504182, 0.9041716447630426, 0.9150139386698527, 0.9350657108721625, 0.9368279569892473, 0.9497112704101951], "trainloss": [3.03943318007525, 2.5158135146080665, 1.9756640486392496, 1.4398330420148842, 1.017118037993193, 0.8634753294529454, 0.6156916590574394, 0.49629145168132965, 0.39906075701847443, 0.36548633647363815, 0.305265000572911, 0.27117155640961305, 0.20563796823988964, 0.19784720810831233, 0.16024091257630282], "devacc": [0.17019969278033795, 0.3351766513056836, 0.47772657450076805, 0.6611367127496159, 0.7815668202764977, 0.8033794162826421, 0.8623655913978494, 0.8648233486943164, 0.9121351766513057, 0.8980030721966206, 0.8992319508448541, 0.9026113671274961, 0.9259600614439324, 0.9370199692780338, 0.9373271889400921], "devloss": [2.97485279597445, 2.2419945765200846, 1.6331372986191428, 1.099498198329029, 0.7653539900406165, 0.6930152155836606, 0.5039667761820252, 0.4725128133450785, 0.34144654780763634, 0.3856692595690626, 0.34321506767778354, 0.3406431452469892, 0.2734022537409435, 0.2659682605398415, 0.248240707519417], "testacc": 1.0, "testloss": 0.06109771877527237}