{"trainacc": [0.1218936678614098, 0.43574273197929114, 0.7077857427319793, 0.8321286340103544, 0.8910593389088013, 0.9215651135005973, 0.9474711270410195, 0.9573476702508961, 0.9701712465153325, 0.9697232178414974, 0.9771704500199124, 0.9825268817204301, 0.9810334528076463, 0.9837813620071685, 0.987584627638391], "trainloss": [3.0281800330753397, 1.8158635560472094, 0.9224266524525668, 0.5288552480572868, 0.34050315387075236, 0.2436557715867725, 0.16426599104949935, 0.1306149127226648, 0.09419360380339366, 0.0903500014628988, 0.07090907275961576, 0.0547896764122101, 0.05624210490236502, 0.05023496519226754, 0.03919265855197197], "devacc": [0.14377880184331798, 0.5185867895545315, 0.7748079877112135, 0.8571428571428571, 0.9121351766513057, 0.930568356374808, 0.9416282642089093, 0.9373271889400921, 0.9508448540706606, 0.9459293394777266, 0.9428571428571428, 0.9597542242703533, 0.9514592933947773, 0.9539170506912442, 0.9563748079877112], "devloss": [2.960911215725033, 1.6026840726351408, 0.814871354311842, 0.5211363256252306, 0.358327616881665, 0.3008955918973492, 0.28331664135928525, 0.296001646238538, 0.25159241156094636, 0.2985215621747179, 0.2687585265955068, 0.2505716103287886, 0.260456898245394, 0.287687843296385, 0.2528761106152688], "testacc": 1.0, "testloss": 0.003952407743781805}