{"trainacc": [0.1840800477897252, 0.5109020310633214, 0.6611608920748706, 0.7671246515332537, 0.8548187972919156, 0.8995917960971724, 0.9288928713659896, 0.9334328952608523, 0.9532755874153723, 0.9625248904818797, 0.9731780167264038, 0.9693150139386698, 0.9803763440860215, 0.9832138590203107, 0.9826961369972123], "trainloss": [2.742949073317515, 1.547711419233142, 1.059023415921267, 0.7119581038521752, 0.44180232407514053, 0.31075978156272654, 0.21858008115985203, 0.19833969672877017, 0.14159472785186883, 0.11501998162807245, 0.08009376876243127, 0.09012177647976038, 0.06064094640003025, 0.05205527308487123, 0.053293691692137234], "devacc": [0.20153609831029187, 0.5502304147465438, 0.6863287250384025, 0.7913978494623656, 0.8359447004608295, 0.8823348694316436, 0.8924731182795699, 0.9050691244239631, 0.9271889400921659, 0.9345622119815669, 0.936405529953917, 0.9284178187403994, 0.938863287250384, 0.9440860215053763, 0.9480798771121351], "devloss": [2.690338085323984, 1.4043081323122648, 0.9677271727592714, 0.6659750682967049, 0.5008405952409665, 0.3789415411685469, 0.359382296487483, 0.32985217141390943, 0.2810870083521039, 0.2590427253103476, 0.2634110483705723, 0.28442186439916284, 0.2415609606949415, 0.24318086785105517, 0.2243385475626739], "testacc": 1.0, "testloss": 0.0006885528564453125}