{"trainacc": [0.20097570688968538, 0.5414974113898845, 0.775278773397053, 0.8616288331342095, 0.9199223416965352, 0.9473516527279968, 0.9616487455197132, 0.9681501393866985, 0.9754082039028276, 0.980884109916368, 0.9851553166069296, 0.9848168060533652, 0.9857825567502987, 0.9913779370768618, 0.9931302270011948], "trainloss": [2.6681211721085307, 1.4514987698735018, 0.7034129478313305, 0.42488791507845713, 0.24954562626218282, 0.15968209013716722, 0.11822655270924277, 0.09496562061397405, 0.07463175899114376, 0.056978380579051864, 0.0449122843046627, 0.04567792907851251, 0.042937069020836015, 0.028820950125111544, 0.022423321190384732], "devacc": [0.22427035330261136, 0.5834101382488479, 0.8116743471582182, 0.8648233486943164, 0.9121351766513057, 0.925652841781874, 0.9480798771121351, 0.9474654377880184, 0.94715821812596, 0.9539170506912442, 0.9591397849462365, 0.9526881720430107, 0.9394777265745008, 0.9606758832565284, 0.965284178187404], "devloss": [2.5986914008443804, 1.2613521523189983, 0.6138282063919278, 0.4550834730748207, 0.2990464555777712, 0.26393226918674284, 0.22384533725575917, 0.23918331816174468, 0.22071253429360105, 0.21443796343243068, 0.17920460720216075, 0.20603660353317788, 0.26898038311762745, 0.19700365008846407, 0.19390163732014493], "testacc": 1.0, "testloss": 0.014018630608916283}