{"trainacc": [0.15449024293110314, 0.46030465949820787, 0.608273596176822, 0.706810035842294, 0.8027279968140183, 0.8370469932297889, 0.90257865392274, 0.9295499800876145, 0.9436479490242932, 0.9509856630824373, 0.9572879330943848, 0.972978892871366, 0.9783353245718837, 0.9780665073675826, 0.9798685782556751], "trainloss": [2.897702416923596, 1.7392243946609816, 1.2176545280851914, 0.8960550716914584, 0.6083210844506499, 0.49943459090935854, 0.29640636757781713, 0.21720912332425124, 0.17135695640438348, 0.14591246854464926, 0.12496502199872278, 0.0833628016725414, 0.06898103256041146, 0.06732172459773408, 0.060369127620291965], "devacc": [0.21597542242703532, 0.5250384024577573, 0.6648233486943165, 0.7680491551459293, 0.8439324116743472, 0.8725038402457758, 0.9139784946236559, 0.9360983102918586, 0.9425499231950845, 0.9416282642089093, 0.9394777265745008, 0.9576036866359448, 0.9533026113671275, 0.9582181259600614, 0.9572964669738864], "devloss": [2.760672414357761, 1.5582264881529566, 1.1181847703072332, 0.8207692855514139, 0.5541934066104449, 0.4978363534547217, 0.3984824923051667, 0.3529623312884212, 0.31358298151174446, 0.325353210285512, 0.31644509986798336, 0.2808547773943519, 0.2709440713928592, 0.2717539251949381, 0.25157493703101635], "testacc": 1.0, "testloss": 0.0009731292957440019}