{
  "trainacc": [
    0.18019713261648745,
    0.5292712066905615,
    0.7781660692951016,
    0.8743528474711271,
    0.9323377140581441,
    0.9575567502986858,
    0.9685384309040223,
    0.9763540422142573,
    0.9833134209478296,
    0.9833432895260852,
    0.9883313420947829,
    0.9816208681800079,
    0.9906411788132218,
    0.9907506969334926,
    0.9928414974113899,
    0.9926722421346077,
    0.9946037435284747,
    0.9941457586618877,
    0.9945838311429709,
    0.9939765033851056,
    0.9945937873357228,
    0.9965551573078455,
    0.9946734368777379,
    0.9961270410195141
  ],
  "trainloss": [
    2.753316920290711,
    1.5151094931712998,
    0.6926012437617053,
    0.38074787261950355,
    0.20718598571409033,
    0.1309833735129668,
    0.09790887531413826,
    0.0716178764877318,
    0.052229303217925835,
    0.050643957908773796,
    0.03698194880715016,
    0.05503721061644446,
    0.029384741613033852,
    0.0290370490813679,
    0.022731873413754836,
    0.023336128614344406,
    0.01740484523309869,
    0.018135490356594005,
    0.017375071640399017,
    0.017995922933605232,
    0.017405247142184593,
    0.011848988319138509,
    0.01675101043239209,
    0.012930862365230437
  ],
  "devacc": [
    0.1932411674347158,
    0.6193548387096774,
    0.8258064516129032,
    0.9062980030721967,
    0.9274961597542243,
    0.9582181259600614,
    0.9576036866359448,
    0.9563748079877112,
    0.9671274961597542,
    0.9701996927803379,
    0.9689708141321045,
    0.9665130568356375,
    0.9637480798771121,
    0.9717357910906298,
    0.9720430107526882,
    0.9729646697388633,
    0.9720430107526882,
    0.9778801843317972,
    0.9778801843317972,
    0.9683563748079878,
    0.9763440860215054,
    0.9738863287250384,
    0.9708141321044547,
    0.9754224270353302
  ],
  "devloss": [
    2.6374724460636965,
    1.2374119813541113,
    0.5171563334179364,
    0.3035449749588417,
    0.20649803879623588,
    0.14833643393857138,
    0.152928256494109,
    0.1388304362648643,
    0.10636680844467357,
    0.11325094096946277,
    0.10818815502565578,
    0.13093416440871455,
    0.1269715474703894,
    0.0940058559247975,
    0.1025985389055195,
    0.10456335592654444,
    0.12269097367464672,
    0.08667276073504702,
    0.08560378464960283,
    0.1181606762626204,
    0.11013693839723614,
    0.09154950466848188,
    0.10379188823672483,
    0.09506268207035307
  ],
  "testacc": 1.0,
  "testloss": 0.00014419555373024195
}
