{"trainacc": [0.21658701712465153, 0.583174034249303, 0.8271704500199124, 0.9283154121863799, 0.9502489048187973, 0.9694245320589406, 0.9784249303066508, 0.9775089605734767, 0.9862504978096376, 0.9876543209876543, 0.9910095579450419, 0.9913679808841099, 0.9913878932696137, 0.9928215850258861, 0.9963659896455596], "trainloss": [2.6199295507964266, 1.323589742397322, 0.5378414673581631, 0.22172054019951337, 0.1476962430538385, 0.08934438556628557, 0.06552240991766878, 0.06461634807813837, 0.04179248292769084, 0.03621844206063195, 0.028060197987089662, 0.02786108827064862, 0.02658705721167556, 0.021945620904228202, 0.012644991401600759], "devacc": [0.23410138248847925, 0.6399385560675883, 0.8454685099846391, 0.9164362519201229, 0.9385560675883257, 0.9419354838709677, 0.9493087557603687, 0.9585253456221198, 0.9594470046082949, 0.9591397849462365, 0.9609831029185868, 0.9566820276497696, 0.9572964669738864, 0.9600614439324117, 0.9597542242703533], "devloss": [2.5870312567680114, 1.1970653094454295, 0.5423834738643488, 0.3480530919567231, 0.28675754485042415, 0.2979831039081521, 0.2813530899412621, 0.25818130113012777, 0.26654806485923205, 0.306589280680028, 0.2865355499603781, 0.2635251022703637, 0.28961195415615487, 0.2989693707035434, 0.32184337910419236], "testacc": 1.0, "testloss": 0.0003093719424214214}