{"trainacc": [0.11014536041417762, 0.32640382317801675, 0.5354042214257269, 0.6793010752688172, 0.7487355635205097, 0.8050079649542015, 0.84026284348865, 0.8547889287136599, 0.8870370370370371, 0.9076463560334528, 0.917373556352051, 0.9356332138590203, 0.946604938271605, 0.957258064516129, 0.9602449223416966], "trainloss": [3.0640570796946043, 2.2429404681728733, 1.4680974724187361, 1.0118244484761283, 0.7880839524232074, 0.6097953481557407, 0.5026724760820077, 0.44349486073712724, 0.35427776885217804, 0.2855981291586638, 0.24883287852204972, 0.20007286463800725, 0.16646669807720355, 0.13466693541055086, 0.12183113721518676], "devacc": [0.14101382488479264, 0.3831029185867896, 0.5978494623655914, 0.7321044546850999, 0.7870967741935484, 0.8414746543778802, 0.8623655913978494, 0.875268817204301, 0.9001536098310292, 0.9118279569892473, 0.9152073732718894, 0.9333333333333333, 0.9314900153609831, 0.9357910906298003, 0.9376344086021505], "devloss": [2.9791797954365955, 2.0922686174717917, 1.3239143586927844, 0.9270856001410067, 0.7518707744536861, 0.5912455279156908, 0.5485774632972507, 0.5146744297946104, 0.4374462147736879, 0.3689084731488733, 0.36676350194737656, 0.3381801492058187, 0.3127522344276103, 0.3250005803487268, 0.32164559180286073], "testacc": 1.0, "testloss": 0.009377479553222656}