{"trainacc": [0.22132616487455198, 0.5382417363600159, 0.7919056152927121, 0.9100955794504182, 0.9439167662285942, 0.9653922739944245, 0.9730884109916368, 0.9795698924731183, 0.9827359617682199, 0.9877937076861808, 0.9798187972919156, 0.9888291517323775, 0.9923038630027877, 0.9919255276782158, 0.9930804460374353], "trainloss": [2.631970875152123, 1.4458019954186898, 0.656149595156935, 0.275600213401705, 0.1656395677330246, 0.10469837362122507, 0.08377630191464577, 0.06284990366392523, 0.051830349260832104, 0.03816485958309619, 0.058197935509051474, 0.03474947571389493, 0.023343078661910308, 0.025998423521917675, 0.020321419666184105], "devacc": [0.2488479262672811, 0.5861751152073733, 0.808294930875576, 0.9127496159754225, 0.9213517665130568, 0.9443932411674347, 0.9428571428571428, 0.9447004608294931, 0.9548387096774194, 0.9493087557603687, 0.943778801843318, 0.946236559139785, 0.9597542242703533, 0.9493087557603687, 0.9594470046082949], "devloss": [2.53516562743121, 1.286795346418284, 0.6017959139863467, 0.3263610178424466, 0.29803475977913024, 0.23141861991948245, 0.25720527685732336, 0.20274691544644843, 0.2018353813392226, 0.23083829076334078, 0.22449600133478367, 0.23843313801673152, 0.20676606344187864, 0.24247827301926328, 0.1700625181335458], "testacc": 1.0, "testloss": 1.564025842526462e-05}