{"trainacc": [0.2636200716845878, 0.6067502986857826, 0.8231381919553963, 0.92573675826364, 0.9503783353245718, 0.969484269215452, 0.9790223018717642, 0.9876742333731581, 0.988510553564317, 0.9891776184786938, 0.9910991636798089, 0.9912584627638391, 0.9929510155316607, 0.9924233373158104, 0.9943647949024293], "trainloss": [2.4480454126993814, 1.233155861123061, 0.5545991536679377, 0.22942998298536207, 0.14922694997637218, 0.09107775410710697, 0.06385111991035682, 0.03940917700284306, 0.03635278349495276, 0.03424425175015146, 0.028397481624824812, 0.026705598601072206, 0.02399108775867997, 0.02436740478398356, 0.017233273026944006], "devacc": [0.30752688172043013, 0.6675883256528418, 0.8500768049155146, 0.9225806451612903, 0.9284178187403994, 0.9351766513056836, 0.9514592933947773, 0.9643625192012288, 0.9597542242703533, 0.9658986175115207, 0.9634408602150538, 0.965284178187404, 0.9615975422427036, 0.9658986175115207, 0.9662058371735791], "devloss": [2.3393193148248206, 1.1105326639342419, 0.5248708001204899, 0.3330528924267413, 0.323375128724608, 0.2758109095733836, 0.25813500631240105, 0.2056766348088392, 0.21332239356183785, 0.22328924569666111, 0.21306940968135535, 0.2113954942621943, 0.21435429107758305, 0.19300803391065466, 0.18957192941744755], "testacc": 1.0, "testloss": 7.934570021461695e-05}