{"trainacc": [0.1935583432895261, 0.5244125846276384, 0.7488550378335325, 0.8741338112305854, 0.9399342891278375, 0.9561927518916766, 0.9734767025089606, 0.9836818000796496, 0.984289127837515, 0.9886698526483473, 0.9909099960175229, 0.9913679808841099, 0.9864396654719235, 0.9921146953405018, 0.992463162086818], "trainloss": [2.7094294089142994, 1.496100677811544, 0.7756988775772861, 0.3832535909637898, 0.18507662263288294, 0.1348074200555344, 0.08000453915380235, 0.05222585988025155, 0.048243277813024205, 0.03609270128680742, 0.028182527634538844, 0.029039544254772835, 0.039545198065743935, 0.023844908053898824, 0.0231359554488065], "devacc": [0.21351766513056836, 0.5683563748079877, 0.7898617511520737, 0.895852534562212, 0.928110599078341, 0.9373271889400921, 0.94715821812596, 0.954531490015361, 0.949615975422427, 0.9490015360983103, 0.9499231950844854, 0.9533026113671275, 0.9505376344086022, 0.9585253456221198, 0.9600614439324117], "devloss": [2.668561675032163, 1.410709944738221, 0.7386800973646103, 0.4333808996161008, 0.31461223836318686, 0.28723570656391884, 0.26065038879346186, 0.23814691088166653, 0.2768563155067681, 0.2744985365647874, 0.28936324004204045, 0.26364630447005344, 0.2854589541112223, 0.2664408383006874, 0.2921749402850454], "testacc": 1.0, "testloss": 0.0012088775401934981}