{"trainacc": [0.11334129828753485, 0.17411389884508163, 0.281620868180008, 0.4469235364396655, 0.5854440461967344, 0.684557945041816, 0.766457586618877, 0.7978395061728395, 0.8390183193946634, 0.8677220230983672, 0.8855635205097571, 0.8996216646754281, 0.9172142572680207, 0.9277080844285145, 0.9362803663878932], "trainloss": [3.1177612446257434, 2.8100129283314823, 2.3766091250176924, 1.8136537120618559, 1.3227031874685162, 1.0100222545071742, 0.7524312695793212, 0.6448293613134177, 0.5193546203231014, 0.41966036095627746, 0.3645601909932555, 0.3120324271625373, 0.2615747189454138, 0.2325072696559318, 0.2014378127035559], "devacc": [0.14838709677419354, 0.20921658986175115, 0.36927803379416285, 0.5996927803379416, 0.7327188940092166, 0.7960061443932411, 0.8602150537634409, 0.871889400921659, 0.8989247311827957, 0.909062980030722, 0.9192012288786482, 0.922273425499232, 0.9268817204301075, 0.9348694316436252, 0.9345622119815669], "devloss": [3.0483185278105847, 2.65078477485938, 2.062193473912604, 1.381520229001199, 0.9057395428007099, 0.6632772434142328, 0.5088175408851167, 0.44140779230451804, 0.39425223488961497, 0.3440589365047244, 0.3318094935285331, 0.2955758136263641, 0.29119785342897686, 0.300643205917376, 0.27234519654155326], "testacc": 1.0, "testloss": 0.01990203931927681}