{"trainacc": [0.08197929111907606, 0.24235364396654718, 0.6854340900039825, 0.8533552369573875, 0.9198725607327758, 0.950915969733174, 0.968568299482278, 0.9764834727200319, 0.981710473914775, 0.9790521704500199, 0.9887495021903624, 0.9905913978494624, 0.9876543209876543, 0.9922640382317802, 0.9935882118677818], "trainloss": [3.1754193572303016, 2.466710579865295, 1.0310924526397474, 0.4620970659038072, 0.2520512876811848, 0.1530050829658229, 0.09402130792983401, 0.07463600586659165, 0.057912156330766504, 0.060877938976282145, 0.03570708476358595, 0.030581613158052755, 0.0395661873137634, 0.0246755019628099, 0.021332101006808567], "devacc": [0.09769585253456221, 0.250384024577573, 0.7351766513056835, 0.8798771121351766, 0.936405529953917, 0.9499231950844854, 0.9671274961597542, 0.9726574500768049, 0.9662058371735791, 0.9588325652841782, 0.9766513056835637, 0.9751152073732718, 0.9735791090629801, 0.9726574500768049, 0.9748079877112135], "devloss": [3.1465852051836003, 2.353614591783093, 0.8176340504725408, 0.3829949275689191, 0.18044541638842376, 0.15460862984992393, 0.1142130239012604, 0.10682656612539071, 0.107048049500461, 0.12649105743329098, 0.06962853694154371, 0.10168569847460716, 0.09812500449712924, 0.07505166685114259, 0.08427690992706932], "testacc": 1.0, "testloss": 4.272460864740424e-05}