{"trainacc": [0.16743329350856231, 0.6141975308641975, 0.8005077658303464, 0.8876642771804062, 0.9339705296694544, 0.9489147749900438, 0.9668757467144564, 0.9699123855037833, 0.9802568697729988, 0.9820589406610912, 0.982168458781362, 0.9872361608920749, 0.9888291517323775, 0.9861907606531263, 0.990720828355237], "trainloss": [2.8399702940078333, 1.227765664760927, 0.6133674194094956, 0.35752292326345525, 0.2038036174226548, 0.1563113031724163, 0.1041225257775832, 0.0947840115858805, 0.061123939073035934, 0.05652016102422024, 0.05474600797405593, 0.040710083393684926, 0.036089196530801636, 0.040871030416255075, 0.028298245204374496], "devacc": [0.20276497695852536, 0.674347158218126, 0.8313364055299539, 0.8930875576036866, 0.9096774193548387, 0.9284178187403994, 0.9324116743471582, 0.9394777265745008, 0.9456221198156682, 0.9450076804915515, 0.94715821812596, 0.9477726574500768, 0.9480798771121351, 0.9465437788018434, 0.946236559139785], "devloss": [2.7309530638329993, 1.0635222103189212, 0.5507447615197177, 0.3813046543828903, 0.28952813945058303, 0.24011978479574353, 0.2428913289500821, 0.23229454231152336, 0.20582118774614028, 0.20471734268599392, 0.20792078793323535, 0.21927463788590673, 0.21189262851866708, 0.213608780764215, 0.19932269425161422], "testacc": 0.8, "testloss": 0.5657240152359009}