{"trainacc": [0.21283353245718836, 0.5275886101154919, 0.6830446037435285, 0.824542015133413, 0.8952508960573476, 0.9267224213460773, 0.9474711270410195, 0.9552668259657507, 0.9717045001991238, 0.9739147749900438, 0.9795300677021107, 0.9803962564715253, 0.983452807646356, 0.9844185583432895, 0.9795499800876145], "trainloss": [2.631961303942235, 1.4960617745649003, 0.9628491581127208, 0.5359133512778664, 0.3157397993042478, 0.21950047257553293, 0.15963692755717673, 0.13332094147961626, 0.08808846594576625, 0.07986951368808604, 0.06028111318622581, 0.057900721038132014, 0.05099184564097808, 0.04657371575402245, 0.06164181795696702], "devacc": [0.24976958525345622, 0.5870967741935483, 0.7213517665130569, 0.8596006144393241, 0.8992319508448541, 0.9274961597542243, 0.9367127496159754, 0.9394777265745008, 0.9486943164362519, 0.9505376344086022, 0.9468509984639016, 0.9514592933947773, 0.9514592933947773, 0.9477726574500768, 0.946236559139785], "devloss": [2.5492096793267036, 1.3668864278749386, 0.905763373396913, 0.5293849518496869, 0.419035938752961, 0.36708467992769406, 0.35171186058751996, 0.3119261077334804, 0.3004063747582897, 0.3031139574292618, 0.32752604006622243, 0.3239657035621081, 0.30993074982122343, 0.3336014434489237, 0.34344754048756193], "testacc": 1.0, "testloss": 0.06004142761230469}