{"trainacc": [0.20579450418160095, 0.4905913978494624, 0.7422341696535245, 0.8729291119076066, 0.9228793309438471, 0.9582238152130625, 0.9726503385105536, 0.9790322580645161, 0.9802070888092393, 0.9837017124651534, 0.9869374751095181, 0.9841198725607327, 0.9912584627638391, 0.9864994026284349, 0.9930406212664277], "trainloss": [2.6359721217104184, 1.629917642406523, 0.8061710870963841, 0.3920542325027812, 0.23023084845736605, 0.12462749902332555, 0.08778027166237469, 0.0657053661878747, 0.05823039154888197, 0.051741425190543755, 0.03869104966200808, 0.04868860135529204, 0.027299559277369947, 0.040856484438347204, 0.021845846280028315], "devacc": [0.21351766513056836, 0.5284178187403994, 0.7459293394777265, 0.8666666666666667, 0.8986175115207373, 0.917357910906298, 0.9262672811059908, 0.9299539170506912, 0.9287250384024578, 0.9247311827956989, 0.9311827956989247, 0.9367127496159754, 0.9428571428571428, 0.9431643625192012, 0.9397849462365592], "devloss": [2.640606901063348, 1.5411306833891276, 0.7937319427041963, 0.44153164375212883, 0.35707571264785554, 0.28781809153095367, 0.2970917207030107, 0.2697891627313904, 0.28810717021265336, 0.3135780350129176, 0.27958656648337016, 0.26667748934112934, 0.24408274367108324, 0.25485340543606316, 0.2261099876484014], "testacc": 1.0, "testloss": 0.008154106326401234}