{"trainacc": [0.17748904818797293, 0.6306849860613302, 0.8339406610911987, 0.9096973317403425, 0.9432596575069694, 0.9679510155316607, 0.9721425726802071, 0.9790223018717642, 0.9841099163679808, 0.9858821186778176, 0.9892074870569494, 0.9913878932696137, 0.9897451214655516, 0.9923237753882915, 0.9928813221823974], "trainloss": [2.75142229714274, 1.1505913724466321, 0.5140577724543951, 0.2736276938015842, 0.1693039250291946, 0.1019442705448668, 0.08225423088486405, 0.06423817762132543, 0.04969151766710384, 0.04399124234514211, 0.03380948853575521, 0.027251430408831066, 0.03106056744613314, 0.024275010474484632, 0.02210090490026909], "devacc": [0.18986175115207374, 0.7109062980030721, 0.8519201228878648, 0.9075268817204301, 0.9284178187403994, 0.9493087557603687, 0.9529953917050691, 0.9483870967741935, 0.9576036866359448, 0.9606758832565284, 0.9612903225806452, 0.9631336405529954, 0.9511520737327189, 0.9539170506912442, 0.9646697388632872], "devloss": [2.688359496780255, 0.9929055096366988, 0.5703141825265049, 0.3863278782587447, 0.31553688178414024, 0.2842023119948427, 0.2837186290921154, 0.29103589662209084, 0.24937501233843615, 0.2516133980267608, 0.27593042883455476, 0.2593695697147176, 0.3013509174096419, 0.29880365042642515, 0.2524213262142674], "testacc": 1.0, "testloss": 0.0002246856747660786}