{"trainacc": [0.08574273197929112, 0.3185483870967742, 0.5717741935483871, 0.7022799681401832, 0.7936280366387893, 0.8390282755874153, 0.8781262445240939, 0.9098566308243727, 0.9219334926324174, 0.9381023496614894, 0.9468438868976503, 0.9571087216248506, 0.9656511350059738, 0.9650139386698526, 0.9729888490641179], "trainloss": [3.1961134478467623, 2.239919349569004, 1.385515737490842, 0.9441844829877787, 0.6531280749160329, 0.5096121654537559, 0.3916972953750526, 0.2948803417696178, 0.2509929765118208, 0.19711657622417383, 0.16739123770377398, 0.13658295129398007, 0.1093863464731683, 0.11060048007765694, 0.08745145369343361], "devacc": [0.11059907834101383, 0.38525345622119817, 0.6451612903225806, 0.7668202764976959, 0.8294930875576036, 0.8734254992319509, 0.9032258064516129, 0.9201228878648233, 0.9317972350230415, 0.9342549923195085, 0.9357910906298003, 0.9403993855606759, 0.9431643625192012, 0.946236559139785, 0.9502304147465438], "devloss": [3.1341207697644213, 2.0747618774115217, 1.1958879754290603, 0.8299692665926323, 0.6139052142195988, 0.4628272644385764, 0.40082723382980595, 0.3560225393640281, 0.33461118431135256, 0.31831971840924383, 0.30798149136354297, 0.2964773642302658, 0.29592882186037056, 0.29696292110851835, 0.28245437461110307], "testacc": 1.0, "testloss": 0.02501373365521431}