{"trainacc": [0.2007068896853843, 0.45116487455197135, 0.7402827558741537, 0.8625547590601355, 0.9129928315412187, 0.9469534050179211, 0.9537833532457188, 0.9712962962962963, 0.9758960573476703, 0.979320987654321, 0.9839605734767025, 0.9819693349263242, 0.9896256471525289, 0.9877240143369176, 0.9882716049382716], "trainloss": [2.6718369206789716, 1.7549688781888682, 0.8133781667322526, 0.4298868903193707, 0.2631279482476173, 0.1606130794385001, 0.13800038299395334, 0.08975209312217494, 0.07499168780738023, 0.06285370873196079, 0.04944381960350553, 0.05309834912989017, 0.03301966778617998, 0.03731410446929497, 0.03490702030799722], "devacc": [0.2, 0.49370199692780337, 0.7646697388632873, 0.8712749615975423, 0.9029185867895545, 0.9231950844854071, 0.9308755760368663, 0.9339477726574501, 0.9394777265745008, 0.9431643625192012, 0.9514592933947773, 0.9493087557603687, 0.9576036866359448, 0.9554531490015361, 0.9542242703533026], "devloss": [2.6191620453162128, 1.6156082010488906, 0.7539623382454095, 0.4364398971955348, 0.31962699947818635, 0.25283854210981027, 0.2326103488009097, 0.21752723776799743, 0.2268640966871367, 0.21400119920480087, 0.19422791527438274, 0.1921997866872269, 0.179901860139337, 0.19475869072197768, 0.19003993822132936], "testacc": 1.0, "testloss": 0.0006044387700967491}