{"trainacc": [0.16258462763839107, 0.632636399840701, 0.8552668259657507, 0.9387594583831143, 0.966905615292712, 0.9780465949820788, 0.9856232576662685, 0.9857327757865392, 0.9889585822381521, 0.9913381123058542, 0.9894364794902429, 0.9921644763042613, 0.9921146953405018, 0.9932596575069693, 0.9953504579848665], "trainloss": [2.794980979022729, 1.159589473634353, 0.45725118300322276, 0.18744389302449985, 0.10204788532860248, 0.06943770267932788, 0.044087088734730454, 0.044054021048520915, 0.03345673924407687, 0.027717203172224182, 0.03237061854229357, 0.0251905400920192, 0.025300697770677373, 0.019983836037430605, 0.015325814028233823], "devacc": [0.18064516129032257, 0.6737327188940092, 0.851305683563748, 0.9268817204301075, 0.9453149001536099, 0.9493087557603687, 0.9576036866359448, 0.9529953917050691, 0.9477726574500768, 0.9536098310291858, 0.9490015360983103, 0.9600614439324117, 0.954531490015361, 0.9514592933947773, 0.9551459293394777], "devloss": [2.6892496869311353, 1.0433079361366238, 0.48312286270378924, 0.2758656942075299, 0.2071167700301667, 0.1959515776365034, 0.20047330471777147, 0.20613994009895809, 0.2283352914905768, 0.20261024254533003, 0.22263278245651227, 0.1726106007321639, 0.1761315772610326, 0.2119726158918873, 0.20123553365331642], "testacc": 1.0, "testloss": 0.00257110595703125}