{"trainacc": [0.10508761449621665, 0.21116089207487057, 0.4227598566308244, 0.5798984468339307, 0.7391079251294305, 0.7999303066507367, 0.8665173237753883, 0.901095181202708, 0.9153723616089208, 0.9253584229390681, 0.9381123058542413, 0.9497710075667065, 0.9551274392672242, 0.9611608920748705, 0.9647252090800478], "trainloss": [3.132725384642716, 2.644805658533012, 1.9114348028865482, 1.3354085661746837, 0.8455773949480684, 0.6519592389054908, 0.43840287609766887, 0.3327945276756583, 0.27187813240745445, 0.24404743066326834, 0.19898809430277334, 0.16258413827974735, 0.14152053109366833, 0.12690757957410642, 0.11345750202948902], "devacc": [0.11551459293394778, 0.25806451612903225, 0.5471582181259601, 0.6860215053763441, 0.8328725038402458, 0.8571428571428571, 0.8973886328725038, 0.9121351766513057, 0.9268817204301075, 0.9207373271889401, 0.9370199692780338, 0.9419354838709677, 0.9370199692780338, 0.949615975422427, 0.9440860215053763], "devloss": [3.103595928113032, 2.453955174591135, 1.6309756315248902, 1.067984950157904, 0.6473972778166494, 0.5518018556630007, 0.40016352814463424, 0.37896616873653255, 0.328098841938555, 0.3489122628341622, 0.29462013239135393, 0.3096188304061714, 0.334673460864801, 0.28560409286329824, 0.30291051839903205], "testacc": 1.0, "testloss": 0.012033462524414062}