{"trainacc": [0.15323576264436478, 0.49969135802469133, 0.612495021903624, 0.7812724014336918, 0.8705495818399044, 0.9036240541616886, 0.9304360812425329, 0.943936678614098, 0.9600756670649144, 0.9718637992831541, 0.9737056949422541, 0.9781162883313421, 0.9812923138191956, 0.9786439665471923, 0.9850557546794106], "trainloss": [2.9004684294993446, 1.6071280920377342, 1.1923714275855744, 0.6688124230543203, 0.40539535413648636, 0.29370247322527454, 0.20998111358324117, 0.1702910487583461, 0.12163121794910128, 0.08748077383551973, 0.07954672562223253, 0.06692658971634603, 0.05854866495678644, 0.062128264316788286, 0.045902087817162165], "devacc": [0.1772657450076805, 0.5874039938556067, 0.6592933947772658, 0.8070660522273425, 0.8866359447004608, 0.9059907834101383, 0.9228878648233487, 0.9314900153609831, 0.9425499231950845, 0.9486943164362519, 0.9434715821812596, 0.94715821812596, 0.9551459293394777, 0.9505376344086022, 0.9511520737327189], "devloss": [2.7993887217912805, 1.4570149441468552, 1.1478682256514026, 0.6765777674688173, 0.47233594672471146, 0.42605407460493977, 0.3676222566910054, 0.36659689899963166, 0.3334441437012589, 0.3436175696036783, 0.3705538812046227, 0.3575188759285184, 0.3237335328956903, 0.3450373438646167, 0.32737418322519224], "testacc": 1.0, "testloss": 0.00034923554630950093}