{"trainacc": [0.13252688172043012, 0.3965153325368379, 0.6074771007566706, 0.7344086021505376, 0.8231879729191557, 0.8676821983273596, 0.9029669454400637, 0.928126244524094, 0.953952608522501, 0.9504181600955794, 0.9636399840700915, 0.9718637992831541, 0.9758861011549184, 0.9809139784946237, 0.9791616885702907], "trainloss": [2.983093973983573, 1.9727439033657561, 1.2333889874933441, 0.8277033446367781, 0.5441569703739034, 0.4057750454619794, 0.29072808635419983, 0.21846721207404793, 0.14477375539168805, 0.15030037539175478, 0.1107485281879899, 0.08726959790825274, 0.07308103076294688, 0.05845509408978721, 0.06545459952654947], "devacc": [0.15145929339477726, 0.4792626728110599, 0.690937019969278, 0.7791090629800307, 0.8362519201228878, 0.8878648233486943, 0.8940092165898618, 0.9164362519201229, 0.9324116743471582, 0.9302611367127496, 0.9459293394777266, 0.9428571428571428, 0.9523809523809523, 0.9551459293394777, 0.94715821812596], "devloss": [2.9037708928508144, 1.761594444375983, 1.0501328047519456, 0.7861524284709983, 0.5893664033182205, 0.43675792643002104, 0.42463615591624915, 0.3724517040813024, 0.331685340761589, 0.34442747834091364, 0.31455450783127464, 0.32753472201835176, 0.2977943770621779, 0.31687645425307587, 0.27418549159704814], "testacc": 1.0, "testloss": 0.0007171630859375}