{"trainacc": [0.24721226602947033, 0.5732377538829152, 0.7744424532058941, 0.8936678614097969, 0.9317303863002788, 0.9538430904022301, 0.9707487056949422, 0.974810832337714, 0.980336519315014, 0.9842990840302668, 0.9888191955396256, 0.985294703305456, 0.9918259657506969, 0.9910692951015532, 0.9940461967343688], "trainloss": [2.528970407186301, 1.3461888642578854, 0.6922328539433018, 0.3234886317341416, 0.20362098837269108, 0.13938063564693629, 0.0897148894001435, 0.07819579444433981, 0.05935982768084484, 0.04630311997662985, 0.035517677111749225, 0.04476665874126422, 0.025992352163292282, 0.02756287875443946, 0.01877833081391532], "devacc": [0.261136712749616, 0.5993855606758832, 0.7929339477726575, 0.895852534562212, 0.9241167434715822, 0.9250384024577573, 0.9419354838709677, 0.9431643625192012, 0.9379416282642089, 0.9502304147465438, 0.9539170506912442, 0.9523809523809523, 0.9483870967741935, 0.9508448540706606, 0.9533026113671275], "devloss": [2.4796940214622953, 1.2666452211169055, 0.6549120847530628, 0.34215855928060646, 0.2858020673561755, 0.2794227677006875, 0.2449336720776448, 0.24282230004187552, 0.24717587740739919, 0.22524798479497707, 0.19004656412222418, 0.20373337678096262, 0.24837309788174344, 0.21551445600349234, 0.20176215476704085], "testacc": 1.0, "testloss": 0.000164031982421875}