{"trainacc": [0.16440661091198724, 0.3937972919155715, 0.6403624054161688, 0.7673138191955396, 0.8667064914376742, 0.9160593389088013, 0.9366985264834727, 0.9585921943448825, 0.9718239745121465, 0.9739446435682995, 0.9764934289127838, 0.9848566308243728, 0.9766925527678216, 0.9876144962166468, 0.9874751095181202], "trainloss": [2.862999826634087, 1.9432502680212225, 1.1178053191628223, 0.7118338153496153, 0.41013335919935645, 0.25776983267019016, 0.1924105470147754, 0.12469675477812224, 0.08610806623062067, 0.08113342367798054, 0.07221176636849252, 0.04625012317679048, 0.06627458334636731, 0.039355641013966026, 0.03862687386794899], "devacc": [0.22365591397849463, 0.4596006144393241, 0.7149001536098311, 0.7910906298003072, 0.8881720430107527, 0.9321044546850998, 0.9262672811059908, 0.9502304147465438, 0.9551459293394777, 0.956989247311828, 0.9640552995391705, 0.9609831029185868, 0.9514592933947773, 0.9701996927803379, 0.9695852534562212], "devloss": [2.72839441826816, 1.7757196838405276, 0.9409084188223984, 0.6861501723390571, 0.40563744182960226, 0.2751041036871721, 0.2753862179644097, 0.21987411764360243, 0.208965163763767, 0.21805376974943047, 0.1771078118668174, 0.18000234835158846, 0.2117458120469124, 0.1590532598682263, 0.15153353754001828], "testacc": 1.0, "testloss": 0.00011405944678699598}