{"trainacc": [0.22030067702110712, 0.6432198327359617, 0.8316606929510155, 0.9285244922341697, 0.9548287534846674, 0.9667463162086818, 0.9766228594185583, 0.9864595778574273, 0.9870071684587813, 0.9896654719235365, 0.9910493827160494, 0.9906212664277181, 0.9927319792911191, 0.9926125049780964, 0.9948725607327757], "trainloss": [2.5714981540272026, 1.1196604815435238, 0.5161621540143926, 0.2197672299586744, 0.13210989647459243, 0.10018926220662278, 0.06986074028547805, 0.042106172387024195, 0.03990185667572625, 0.030775149269396687, 0.02724774304517014, 0.028782704923515572, 0.022092361884411944, 0.022911476765802685, 0.017036272850435054], "devacc": [0.23993855606758832, 0.6740399385560676, 0.8402457757296466, 0.9210445468509985, 0.938863287250384, 0.9416282642089093, 0.9508448540706606, 0.9557603686635945, 0.9560675883256529, 0.9554531490015361, 0.9609831029185868, 0.9499231950844854, 0.9637480798771121, 0.9594470046082949, 0.9689708141321045], "devloss": [2.5097856345813945, 1.0025281711108125, 0.5196354850645988, 0.3108409768150699, 0.23143851715848193, 0.2346410931255411, 0.19732317884671524, 0.15364547952803598, 0.15872621659858985, 0.178122291161168, 0.1704654874889532, 0.17913401868486184, 0.13390694596388372, 0.17760491535960254, 0.15317785238615378], "testacc": 1.0, "testloss": 7.324219041038305e-05}