{"trainacc": [0.21761250497809637, 0.5528574273197929, 0.7504281162883314, 0.8587216248506571, 0.9137096774193548, 0.9470031859816807, 0.9666567104739148, 0.9719235364396654, 0.9817801672640383, 0.9851752289924333, 0.9832835523695739, 0.9905913978494624, 0.9877638391079251, 0.9910195141377937, 0.9902927120669056], "trainloss": [2.6006777947379125, 1.4194426300135423, 0.7849799048516058, 0.4290894164193061, 0.25787362280961573, 0.16313436433334647, 0.10317964348029635, 0.08642812902853338, 0.05631349492804765, 0.04686322288193797, 0.052055079024841425, 0.03018043689394154, 0.036841492378903974, 0.02884330813024135, 0.02999127467397685], "devacc": [0.22242703533026115, 0.5993855606758832, 0.7827956989247312, 0.8632872503840245, 0.9121351766513057, 0.9382488479262673, 0.941321044546851, 0.9483870967741935, 0.9526881720430107, 0.9572964669738864, 0.9523809523809523, 0.957910906298003, 0.9465437788018434, 0.9557603686635945, 0.9572964669738864], "devloss": [2.5549010263609997, 1.3261615642204811, 0.7231134698138258, 0.514724642450359, 0.3989358975590649, 0.30795544358442456, 0.31538026233971944, 0.3028162245376868, 0.30599922731450074, 0.2826744922295144, 0.28969710474739424, 0.3035626153242753, 0.3324817515188648, 0.29551761312418817, 0.29402045047228237], "testacc": 1.0, "testloss": 0.0015361786354333162}