{"trainacc": [0.1642273994424532, 0.4674930306650737, 0.6627041019514138, 0.8199621664675428, 0.8768817204301075, 0.9153922739944246, 0.9406610911987257, 0.9526184786937475, 0.9676821983273596, 0.9747510951812027, 0.9757666268418956, 0.9779669454400637, 0.98547391477499, 0.9854042214257268, 0.9898546395858224], "trainloss": [2.8392275170186085, 1.7236890529361393, 1.0572732263995754, 0.5645647514678244, 0.38206757156438725, 0.2581466053887365, 0.18271812928335357, 0.14233884557618748, 0.10002814650784826, 0.0789369736000308, 0.07268559620710115, 0.0670229482977443, 0.04590040696795981, 0.04510482943203999, 0.033166238382734636], "devacc": [0.20491551459293394, 0.5428571428571428, 0.7502304147465437, 0.8377880184331797, 0.9010752688172043, 0.917357910906298, 0.9293394777265745, 0.9296466973886329, 0.9425499231950845, 0.949615975422427, 0.9477726574500768, 0.9551459293394777, 0.9551459293394777, 0.9551459293394777, 0.9551459293394777], "devloss": [2.7056781421608638, 1.533926723190167, 0.9032377246338101, 0.5878940683356079, 0.4263488404487135, 0.3626987169140495, 0.37480400797958197, 0.36005489809721847, 0.325081454993393, 0.31706347265001816, 0.2901972952526286, 0.302806045053192, 0.3199083176076687, 0.33801048636985814, 0.3112432830344697], "testacc": 1.0, "testloss": 0.00011100769188487902}