{"trainacc": [0.12278972520908005, 0.3113301473516527, 0.5513839107925129, 0.6644265232974911, 0.7532158502588611, 0.8109318996415771, 0.8483771405814416, 0.8761250497809637, 0.9071485463958582, 0.9256670649143768, 0.942921146953405, 0.9502190362405416, 0.9544404619673437, 0.9586021505376344, 0.9645858223815214], "trainloss": [3.0140651320613556, 2.2617125081047504, 1.432323328198213, 1.0542508960838386, 0.770105353749069, 0.5940922785332269, 0.4640619214290359, 0.37597532951347573, 0.2842147167384838, 0.22708061470103805, 0.18065671294286686, 0.1531275114491849, 0.14264136345850098, 0.12705171752271543, 0.1072823626869397], "devacc": [0.15729646697388633, 0.36989247311827955, 0.6430107526881721, 0.7462365591397849, 0.8089093701996928, 0.8457757296466973, 0.869431643625192, 0.8675883256528418, 0.8998463901689708, 0.922273425499232, 0.9360983102918586, 0.9342549923195085, 0.9321044546850998, 0.9321044546850998, 0.941321044546851], "devloss": [2.9137210769038044, 2.1071503448046847, 1.238861324051009, 0.9169075977967082, 0.7010492825288377, 0.5613664874832751, 0.4928005293767024, 0.5141970776193153, 0.4596700418379999, 0.42369286200967254, 0.3917830206007452, 0.3813443876081897, 0.41504504878400106, 0.40915610109056744, 0.3791889382809538], "testacc": 1.0, "testloss": 0.01330413855612278}