{"trainacc": [0.22749900438072482, 0.5343189964157706, 0.7320987654320987, 0.8396953405017921, 0.8988749502190363, 0.9239944245320589, 0.948257666268419, 0.9598466746316209, 0.9635902031063321, 0.9806750298685782, 0.9804062126642772, 0.9843389088012744, 0.988042612504978, 0.9893767423337316, 0.9881521306252489], "trainloss": [2.5874935056716026, 1.4794677980199653, 0.8394841182545237, 0.4961695861040193, 0.30691605891805396, 0.23120501792345424, 0.15895866200310071, 0.122402673616133, 0.11097655315374957, 0.06082853296796125, 0.05938039769461933, 0.04735927369441112, 0.037001181574117754, 0.03303457124730663, 0.034299962237041126], "devacc": [0.26513056835637483, 0.567741935483871, 0.7523809523809524, 0.8423963133640553, 0.8792626728110599, 0.900768049155146, 0.9262672811059908, 0.9265745007680491, 0.930568356374808, 0.9419354838709677, 0.9483870967741935, 0.9557603686635945, 0.9557603686635945, 0.9594470046082949, 0.9572964669738864], "devloss": [2.508332849098241, 1.370025541375859, 0.8246833539228835, 0.5272761943153522, 0.4062936696039367, 0.3624806619734259, 0.29695796293597065, 0.2952894372050114, 0.29093734913157976, 0.25548364963674325, 0.2572962244809498, 0.20931680054159207, 0.23000556415951198, 0.21247142292387475, 0.2489138995790811], "testacc": 1.0, "testloss": 0.013482284732162952}