{"trainacc": [0.08697729988052569, 0.3758164078056551, 0.7085125448028674, 0.8655615292712067, 0.9321784149741139, 0.9521306252489048, 0.9737753882915173, 0.9768120270808442, 0.9831939466348069, 0.9878235762644365, 0.9896654719235365, 0.9886698526483473, 0.9931401831939466, 0.9923735563520509, 0.9926523297491039], "trainloss": [3.209384844152161, 2.0198450730123256, 0.9181034446759606, 0.42141425045231623, 0.2104408977154905, 0.1460753072547229, 0.0804557547266979, 0.0715505465945249, 0.050311005288198714, 0.03823258149078207, 0.03234819422187807, 0.034029452773334024, 0.022331003248224228, 0.024517781239140918, 0.023329947922120634], "devacc": [0.09062980030721966, 0.39631336405529954, 0.7533026113671275, 0.9047619047619048, 0.938863287250384, 0.9499231950844854, 0.96036866359447, 0.9723502304147466, 0.9778801843317972, 0.9800307219662059, 0.9821812596006144, 0.981874039938556, 0.9880184331797235, 0.9732718894009217, 0.9843317972350231], "devloss": [3.180406582520305, 1.9081575227772585, 0.7486394698718726, 0.2921262549639847, 0.18435373394170665, 0.15022390936651536, 0.10776748171737117, 0.08456942940362587, 0.06483443005843097, 0.07542879615099199, 0.05543262257416677, 0.054797357695031274, 0.04766896030595226, 0.09641370524047158, 0.05633798385820081], "testacc": 1.0, "testloss": 0.0003059387090615928}