{"trainacc": [0.19074074074074074, 0.5124651533253683, 0.7335225009956192, 0.8288829151732378, 0.8878534448426921, 0.9171246515332537, 0.9416268418956592, 0.9534547988849064, 0.9561827956989247, 0.9651732377538829, 0.9809139784946237, 0.9763241736360015, 0.9798586220629232, 0.9887096774193549, 0.9895061728395061], "trainloss": [2.7175288882591677, 1.5679783087619887, 0.8270044491994623, 0.5308225416759721, 0.3482119991503024, 0.24960590285675216, 0.17290802289294513, 0.1367733085276548, 0.12557833075185118, 0.10249863850262145, 0.060142298379252036, 0.06847643151460939, 0.06064067426245557, 0.034660991490456934, 0.031733456798779064], "devacc": [0.23195084485407066, 0.5990783410138248, 0.7858678955453149, 0.853763440860215, 0.9096774193548387, 0.9069124423963134, 0.9311827956989247, 0.9397849462365592, 0.9400921658986175, 0.9385560675883257, 0.9523809523809523, 0.9416282642089093, 0.9511520737327189, 0.9628264208909371, 0.9557603686635945], "devloss": [2.615168681342481, 1.3154858630923083, 0.7269837158616237, 0.5450052434947633, 0.3904942502074527, 0.38124611342008213, 0.2804665091674998, 0.27152629553722346, 0.2633952861008007, 0.26714994954074034, 0.2219116502368505, 0.2970456998743769, 0.22891169621647778, 0.21639307687908824, 0.2238812748737599], "testacc": 1.0, "testloss": 0.01605987548828125}