{"trainacc": [0.16718438868976504, 0.40006969334926323, 0.6041816009557945, 0.7125746714456392, 0.7766527279968141, 0.8393667861409797, 0.841636798088411, 0.8956192751891676, 0.9244225408203903, 0.9327857427319793, 0.9358622062923139, 0.9574372759856631, 0.9637196336121068, 0.965720828355237, 0.9751991238550378], "trainloss": [2.839075243316386, 1.952209955047963, 1.2568510722373407, 0.8974839834187051, 0.6881612373722924, 0.5042923317516719, 0.48641901254084235, 0.3182553272413951, 0.2372146757717913, 0.20535562114440697, 0.18957941539434264, 0.13237326381240694, 0.11416678798686504, 0.10458609599313001, 0.07897610078246434], "devacc": [0.1824884792626728, 0.46728110599078343, 0.6709677419354839, 0.7637480798771121, 0.8, 0.8519201228878648, 0.858678955453149, 0.8970814132104454, 0.9047619047619048, 0.9207373271889401, 0.9216589861751152, 0.9391705069124424, 0.9342549923195085, 0.9443932411674347, 0.9477726574500768], "devloss": [2.7675922784937144, 1.798409503176465, 1.1258496699794647, 0.8381724297176308, 0.6908019311417083, 0.5410404905745511, 0.5879794290538207, 0.48153478374129616, 0.4348882304907944, 0.378900760879165, 0.37394218098732734, 0.34824873005739554, 0.36673905223196, 0.33628679022261626, 0.34578908478609427], "testacc": 1.0, "testloss": 0.004071044735610485}