{"trainacc": [0.19131819992035046, 0.5212863401035444, 0.7620071684587814, 0.8816308243727599, 0.9291517323775388, 0.9519514137793708, 0.9617084826762247, 0.9722819593787335, 0.9764436479490243, 0.9815611310234966, 0.983821186778176, 0.9861509358821187, 0.9883910792512943, 0.99063122262047, 0.9891178813221824], "trainloss": [2.7392519749478486, 1.510188487766749, 0.7336944160780456, 0.3695626015660298, 0.2266572943689433, 0.1498408176966252, 0.11549073998485843, 0.0856598281705465, 0.0730000986398299, 0.058212469475457315, 0.05020808833768077, 0.04273725066694521, 0.03606856106073911, 0.0298172789241945, 0.03405934594807481], "devacc": [0.23840245775729646, 0.5874039938556067, 0.8110599078341014, 0.896774193548387, 0.9201228878648233, 0.9367127496159754, 0.9456221198156682, 0.9517665130568357, 0.9606758832565284, 0.9557603686635945, 0.9631336405529954, 0.9609831029185868, 0.9701996927803379, 0.9714285714285714, 0.9732718894009217], "devloss": [2.6305133109817858, 1.33799027188033, 0.6866085287612704, 0.4142136671301407, 0.3192436316046297, 0.2448626069978635, 0.19671107011456643, 0.21403083919380117, 0.15985770956162484, 0.20795949242906087, 0.18430961043603958, 0.2115684883660435, 0.13972849697561307, 0.159727347954627, 0.15683524598998408], "testacc": 1.0, "testloss": 0.0336456298828125}