{"trainacc": [0.09236360015929908, 0.3851354042214257, 0.750547590601354, 0.8611808044603744, 0.9182596575069694, 0.9489745121465551, 0.9658602150537634, 0.968657905217045, 0.9731282357626444, 0.9800876144962166, 0.9831342094782956, 0.9844583831142971, 0.9882019115890084, 0.9914177618478693, 0.9916467542811629], "trainloss": [3.1563463565696526, 2.036331714766285, 0.7956799932064549, 0.43270414975096816, 0.2558978427837969, 0.16295838095203238, 0.1075947620775751, 0.09861272070089548, 0.08421232957023518, 0.06370754170108013, 0.0542391172989651, 0.04835721105337143, 0.0383344951843489, 0.028369314843964547, 0.025850891483905354], "devacc": [0.11059907834101383, 0.45069124423963136, 0.8116743471582182, 0.8930875576036866, 0.9164362519201229, 0.9428571428571428, 0.9422427035330261, 0.9447004608294931, 0.9410138248847926, 0.9490015360983103, 0.9502304147465438, 0.9450076804915515, 0.9542242703533026, 0.9554531490015361, 0.9551459293394777], "devloss": [3.1094352968277468, 1.8977392505390853, 0.7307961541936144, 0.44892536467670846, 0.3716041822037939, 0.29658414196858207, 0.29682293946292543, 0.2952085472471703, 0.31612621941324753, 0.31092717927721786, 0.2867249242171714, 0.36479945762366195, 0.29390180316938236, 0.33173616786706284, 0.33620644686958207], "testacc": 1.0, "testloss": 0.0003124237118754536}