{"trainacc": [0.10043807248108323, 0.3030864197530864, 0.5271405814416568, 0.6648745519713262, 0.7489745121465552, 0.8003185981680605, 0.8333333333333334, 0.8523994424532059, 0.8711967343687774, 0.879410593389088, 0.9111608920748706, 0.9134109916367981, 0.9290621266427718, 0.9370071684587814, 0.9463560334528076], "trainloss": [3.1244404526736718, 2.3393950818402507, 1.5121970177408899, 1.0387731709360648, 0.7869519588482993, 0.6135201670291746, 0.5137710606539121, 0.4448194952421291, 0.3939293094041669, 0.36920168614871757, 0.2754114377028626, 0.26137454307492347, 0.2178455852639718, 0.18971923929210774, 0.16501705249684687], "devacc": [0.1250384024577573, 0.36129032258064514, 0.5658986175115207, 0.6927803379416283, 0.7797235023041474, 0.829800307219662, 0.8442396313364056, 0.8580645161290322, 0.8666666666666667, 0.8820276497695853, 0.8906298003072196, 0.8952380952380953, 0.9072196620583718, 0.9182795698924732, 0.9278033794162827], "devloss": [3.078542267671928, 2.170885201423399, 1.4033651588149885, 0.9382041423551498, 0.7220666158583856, 0.5923304513852168, 0.5221968087183165, 0.4868708912128677, 0.4421257615638768, 0.3949567740139324, 0.37518362364461344, 0.3532085804620646, 0.3185299709095933, 0.2790321746866824, 0.26257454703480415], "testacc": 1.0, "testloss": 0.004147910978645086}