{"trainacc": [0.21449621664675428, 0.5487654320987654, 0.715531660692951, 0.8442951015531661, 0.9045798486658702, 0.934557945041816, 0.9577757865392273, 0.9696435682994823, 0.9731979291119076, 0.97794703305456, 0.9826861808044604, 0.9846873755475906, 0.9904918359219435, 0.9892672242134608, 0.9927917164476304], "trainloss": [2.6470870901891694, 1.4601789836815182, 0.8807967059501183, 0.4732963386366729, 0.2887468120459302, 0.19436835449549458, 0.1254868508764991, 0.09164249610373908, 0.08133923912391938, 0.06542526794154656, 0.05342919986334539, 0.04566854028434024, 0.03034474729174212, 0.033614009521955014, 0.024036170959276824], "devacc": [0.2436251920122888, 0.5901689708141321, 0.759447004608295, 0.8672811059907835, 0.8998463901689708, 0.9440860215053763, 0.9539170506912442, 0.9591397849462365, 0.9576036866359448, 0.9640552995391705, 0.9751152073732718, 0.9720430107526882, 0.978494623655914, 0.9735791090629801, 0.9778801843317972], "devloss": [2.5038469936441166, 1.3189495367937922, 0.7028426052787886, 0.38441947789236147, 0.2738418184941815, 0.17767698520339578, 0.1272911067519869, 0.12232945083473135, 0.11787187699486033, 0.10478377664968165, 0.07442329346721623, 0.07903006760412097, 0.07692578040097715, 0.08231672363072497, 0.06209967206425381], "testacc": 1.0, "testloss": 0.00014038085646461695}