{"trainacc": [0.26039426523297493, 0.6073377140581442, 0.8138391079251295, 0.8990939864595778, 0.9321784149741139, 0.9524193548387097, 0.9646555157307846, 0.9679808841099163, 0.9821286340103544, 0.9860613301473516, 0.9884806849860613, 0.9898148148148148, 0.9879231381919554, 0.9909299084030266, 0.991726403823178], "trainloss": [2.433761802198212, 1.234603625756723, 0.5798910663617839, 0.30182177803992083, 0.20142250384338725, 0.13895383608508566, 0.10583766488405111, 0.0953271347481931, 0.05673089864015081, 0.04281322914759852, 0.03668869316706984, 0.03218041108576236, 0.036824583080391375, 0.028592628106394763, 0.025540515864457103], "devacc": [0.3001536098310292, 0.6589861751152074, 0.8494623655913979, 0.9032258064516129, 0.9213517665130568, 0.9367127496159754, 0.9410138248847926, 0.9459293394777266, 0.9508448540706606, 0.9536098310291858, 0.9615975422427036, 0.9588325652841782, 0.9529953917050691, 0.9539170506912442, 0.954531490015361], "devloss": [2.3133569653682446, 1.141769293815859, 0.5825305583839593, 0.4170539552165616, 0.37839763807261595, 0.31775985774906, 0.3326147331208128, 0.30117841099264436, 0.2738447962543382, 0.27888027863568426, 0.2631731580616692, 0.27859425132725096, 0.3129448800043027, 0.2986728109522349, 0.29073333424357223], "testacc": 1.0, "testloss": 0.0035564422141760588}