{"trainacc": [0.1335025886101155, 0.47306849860613304, 0.7994026284348865, 0.8992035045798487, 0.9453405017921147, 0.9654719235364396, 0.9774691358024692, 0.9804559936280366, 0.9852449223416966, 0.9848864994026284, 0.9907905217045002, 0.9920350457984867, 0.9922839506172839, 0.9934189565909995, 0.9947729988052568], "trainloss": [2.969514774734971, 1.7040964835006276, 0.6276512572557411, 0.30513011679284746, 0.16575774581593283, 0.10319050813590042, 0.06756714968458086, 0.05940356351025714, 0.045773515188476804, 0.045361550475872404, 0.030350924438931573, 0.024872652582129912, 0.02292749991923072, 0.02014175488523418, 0.017691485748460502], "devacc": [0.16159754224270353, 0.5069124423963134, 0.8153609831029186, 0.8973886328725038, 0.9342549923195085, 0.9410138248847926, 0.9483870967741935, 0.9566820276497696, 0.9572964669738864, 0.9517665130568357, 0.9557603686635945, 0.9658986175115207, 0.9615975422427036, 0.9600614439324117, 0.9597542242703533], "devloss": [2.885852531353999, 1.5379284636765582, 0.5608471240590794, 0.36088368035681234, 0.2614019517250325, 0.26466296743687395, 0.22076995087109402, 0.18642430337068672, 0.21605806595169455, 0.2238102666518655, 0.2020890001327761, 0.16997464124782843, 0.20589841861054645, 0.19566961010480258, 0.23310941437147728], "testacc": 1.0, "testloss": 0.0001884460507426411}