{"trainacc": [0.10234966148944644, 0.20197132616487457, 0.3866985264834727, 0.5393070489844684, 0.6792911190760653, 0.7620569494225409, 0.8211170848267623, 0.8358422939068101, 0.861021505376344, 0.9012146555157308, 0.9097769812823576, 0.9146654719235364, 0.9326363998407009, 0.9359219434488252, 0.9449522102747909], "trainloss": [3.113918782277489, 2.6744371651178906, 2.0199381360870965, 1.473923969083647, 1.0195001700944228, 0.7620029269651984, 0.5740091206067495, 0.5195397881517273, 0.4319567841298549, 0.3195363860688614, 0.28803867198695987, 0.2710632145885498, 0.21761924300783425, 0.20144623854467947, 0.17615610764338552], "devacc": [0.10138248847926268, 0.25161290322580643, 0.5059907834101383, 0.6365591397849463, 0.77357910906298, 0.8350230414746543, 0.8890937019969278, 0.8795698924731182, 0.8863287250384024, 0.9136712749615975, 0.9185867895545314, 0.9170506912442397, 0.9367127496159754, 0.9370199692780338, 0.9397849462365592], "devloss": [3.0468648040349584, 2.487437677822904, 1.7301529371244018, 1.1557258664188297, 0.7623929202831286, 0.6182326614032693, 0.4600841699657352, 0.4487406869637801, 0.4564940484438074, 0.3475808510857244, 0.35929722774962675, 0.32623231342311276, 0.3234157944055197, 0.2980035077179632, 0.3213353676180686], "testacc": 0.8, "testloss": 0.21095828711986542}