{"trainacc": [0.11528275587415372, 0.48735563520509756, 0.7445041816009558, 0.8342493030665074, 0.8648446833930705, 0.9260951812027081, 0.942373556352051, 0.9571883711668658, 0.9673536439665472, 0.9760354440461967, 0.9752787733970529, 0.9761549183592194, 0.9850856232576662, 0.9847968936678614, 0.9855137395459976], "trainloss": [3.0605944806672056, 1.6582137510767974, 0.8103679220237755, 0.517457316977861, 0.406525150119475, 0.2280503060210278, 0.17209776503388885, 0.13228511446230157, 0.09894747136154056, 0.07549263292583086, 0.07596937731673925, 0.07099258957326127, 0.047510196598360185, 0.04848393715980375, 0.045287229976390925], "devacc": [0.13671274961597543, 0.5649769585253456, 0.8067588325652841, 0.8470046082949308, 0.8761904761904762, 0.9139784946236559, 0.9250384024577573, 0.9311827956989247, 0.9459293394777266, 0.9422427035330261, 0.9360983102918586, 0.9459293394777266, 0.94715821812596, 0.9493087557603687, 0.9499231950844854], "devloss": [2.9808236102354693, 1.4182214363379413, 0.6967953122156556, 0.5348227346822414, 0.4507713147572109, 0.3607923606848387, 0.31860564985582907, 0.27737734229883293, 0.24054028018279008, 0.26150927469477675, 0.2641666480747785, 0.2643859302667978, 0.25718904722670805, 0.23992204515066015, 0.2672061342660183], "testacc": 0.8, "testloss": 0.15561465919017792}