{"trainacc": [0.12017124651533254, 0.46013540422142574, 0.7235065710872163, 0.8518518518518519, 0.9105635205097571, 0.935852250099562, 0.9607128634010355, 0.9632218239745122, 0.9766228594185583, 0.9770609318996416, 0.9748407009159697, 0.9838012743926723, 0.9884806849860613, 0.9875448028673836, 0.9884707287933094], "trainloss": [2.972616647021887, 1.7256359097635732, 0.865309722356614, 0.4707135576643539, 0.28175608147038067, 0.197277701171638, 0.1270801110533617, 0.11378191878380456, 0.07462504578881153, 0.06955229845721377, 0.07354998668675782, 0.04931623641325866, 0.03770939089700562, 0.039515389125068696, 0.03589901834361371], "devacc": [0.13886328725038402, 0.5345622119815668, 0.7846390168970814, 0.8768049155145929, 0.9167434715821813, 0.9342549923195085, 0.9431643625192012, 0.9477726574500768, 0.954531490015361, 0.9493087557603687, 0.9394777265745008, 0.9560675883256529, 0.9566820276497696, 0.9554531490015361, 0.9548387096774194], "devloss": [2.8967765377413843, 1.490321523033529, 0.689243616596345, 0.43929976609445387, 0.33016977551895355, 0.24538686177972274, 0.23063685885772178, 0.2058182272218889, 0.1899558671059147, 0.19776991229452845, 0.2217080194142557, 0.21869810383921395, 0.209495531523832, 0.23103773332960595, 0.22411744653629267], "testacc": 1.0, "testloss": 0.0003902435419149697}