{"trainacc": [0.09616686579052171, 0.18101354042214257, 0.34847670250896057, 0.5292612504978096, 0.6520509757068896, 0.74063122262047, 0.7777678215850259, 0.8293409000398247, 0.86342094782955, 0.8858522500995619, 0.9079948227797691, 0.9119275189167663, 0.9317801672640382, 0.9360115491835922, 0.9384309040223019], "trainloss": [3.167460045649302, 2.790097082957287, 2.1591013951968123, 1.5391657766190623, 1.1319307773201555, 0.8439279962397818, 0.7065550557102923, 0.5579270548860374, 0.4398659420341004, 0.3627897408237879, 0.30040667725008163, 0.27659910336012195, 0.22327505846106166, 0.20261111798537104, 0.19560727021315336], "devacc": [0.09554531490015361, 0.2261136712749616, 0.4258064516129032, 0.6399385560675883, 0.7539170506912443, 0.815668202764977, 0.8248847926267281, 0.8728110599078341, 0.8866359447004608, 0.8915514592933947, 0.9047619047619048, 0.9059907834101383, 0.9176651305683564, 0.9244239631336405, 0.9225806451612903], "devloss": [3.1392157132724465, 2.6226106239354006, 1.9311924634441253, 1.1970687736563967, 0.8286480387235018, 0.6187356029238019, 0.5384525794038025, 0.4167953895808365, 0.39261873787449253, 0.3309266782850714, 0.2929665378299177, 0.27250162494896746, 0.25864372989549067, 0.2448620647878691, 0.240927151408613], "testacc": 1.0, "testloss": 0.11544714123010635}