{"trainacc": [0.06459577857427319, 0.12388490641178813, 0.3331541218637993, 0.5193349263241737, 0.6678713659896456, 0.7539028275587415, 0.8341298287534846, 0.8790621266427718, 0.9122560732775786, 0.9200617283950617, 0.9103345280764635, 0.9576065312624452, 0.9642970927917165, 0.9638988450816408, 0.9722321784149741], "trainloss": [3.2571598274306157, 2.9430499697813994, 2.2071409060251472, 1.5457303884351268, 1.0551055468966029, 0.7758062995676499, 0.5256677957311753, 0.3876986103922378, 0.2816962553911454, 0.24515695417724914, 0.2845244891808024, 0.13749158150975993, 0.11473911527984886, 0.1109432688821886, 0.08994685820211504], "devacc": [0.05038402457757297, 0.13087557603686636, 0.32012288786482335, 0.5502304147465438, 0.7019969278033794, 0.7907834101382488, 0.8402457757296466, 0.8906298003072196, 0.9093701996927803, 0.9035330261136713, 0.9102918586789555, 0.9299539170506912, 0.9440860215053763, 0.9284178187403994, 0.9477726574500768], "devloss": [3.272449372550859, 2.9478696864870835, 2.188155624723654, 1.3916092001348048, 0.932093683475723, 0.6758583880239918, 0.5328028454758604, 0.4066765845371281, 0.32057062546778387, 0.3707590012506406, 0.33790824229266786, 0.24353755344443606, 0.25740510142893286, 0.25923785169003744, 0.24461438263066904], "testacc": 1.0, "testloss": 0.017644882202148438}