{"trainacc": [0.1216447630426125, 0.5213062524890482, 0.7486061330147352, 0.8628534448426921, 0.917642373556352, 0.9483074472321784, 0.9623954599761051, 0.9748904818797292, 0.9724412584627639, 0.982268020708881, 0.9827160493827161, 0.9887793707686181, 0.9878136200716846, 0.9907108721624851, 0.9896057347670251], "trainloss": [2.996816844353397, 1.5233625829433455, 0.7891536032427169, 0.4315861663297086, 0.2580748118522489, 0.15816860366501403, 0.11231576757708046, 0.07745523117215616, 0.08114941555922106, 0.054067546831112326, 0.053500042177888084, 0.03532200905281868, 0.03715607298486905, 0.029364472942753933, 0.03263720433954305], "devacc": [0.13456221198156681, 0.5754224270353303, 0.7720430107526882, 0.8675883256528418, 0.9096774193548387, 0.9201228878648233, 0.9278033794162827, 0.941321044546851, 0.9373271889400921, 0.9443932411674347, 0.9456221198156682, 0.9566820276497696, 0.9591397849462365, 0.96036866359447, 0.9597542242703533], "devloss": [2.945545237185219, 1.345243558905641, 0.7179807328408764, 0.4691733443242614, 0.2988438030816443, 0.2825952058288908, 0.26841659109163946, 0.2342297337296921, 0.2544247962637431, 0.22282107050792413, 0.19713041289336122, 0.1850673449890954, 0.197072732833124, 0.16279959177366599, 0.17385090365662553], "testacc": 1.0, "testloss": 0.0003482818719930947}