{"trainacc": [0.22143568299482277, 0.622799681401832, 0.8353643966547193, 0.9129231381919554, 0.9480684986061331, 0.9637793707686181, 0.9776583034647551, 0.9825766626841895, 0.9835025886101155, 0.9888490641178813, 0.9875049780963759, 0.9901433691756273, 0.9900637196336121, 0.9925228992433294, 0.9925627240143369], "trainloss": [2.5880998948426512, 1.1969020721305657, 0.5094912722617779, 0.2587793832166363, 0.1589409591565565, 0.10665884474681839, 0.06883242055595705, 0.05429871346948394, 0.049237076099628185, 0.03406901940761252, 0.03772132801339297, 0.02926193059532232, 0.031168439582417516, 0.023641855127691083, 0.024065818148581677], "devacc": [0.2500768049155146, 0.688479262672811, 0.8509984639016898, 0.893394777265745, 0.9314900153609831, 0.9376344086021505, 0.94715821812596, 0.9486943164362519, 0.9422427035330261, 0.9514592933947773, 0.9505376344086022, 0.9511520737327189, 0.9572964669738864, 0.9523809523809523, 0.9526881720430107], "devloss": [2.499753207105645, 1.0247105818739684, 0.5003748851987074, 0.3792558521169671, 0.2874621178972007, 0.24440935968254018, 0.24213200155216427, 0.2557979970483736, 0.26000971570267656, 0.19578198154675797, 0.21851175659537864, 0.21200020116869756, 0.20706061187977065, 0.22311502090796898, 0.22692569698880893], "testacc": 1.0, "testloss": 0.0027130127418786287}