{"trainacc": [0.20881123058542414, 0.6471027479091995, 0.8689864595778575, 0.9405615292712067, 0.9584129828753485, 0.971784149741139, 0.9799482277976902, 0.9865292712066905, 0.9895758661887694, 0.9903922739944245, 0.9909099960175229, 0.9897351652727997, 0.994026284348865, 0.9942254082039028, 0.9944743130227002], "trainloss": [2.6434779930570502, 1.1007154932158822, 0.4077769655872274, 0.18397535963190925, 0.12422981059341164, 0.0857344193266106, 0.062612234230911, 0.04067609373595801, 0.03315526302325291, 0.02975807229019123, 0.027801174563083134, 0.03209721055460411, 0.018495136322820807, 0.01798394187982222, 0.018219077514580215], "devacc": [0.23410138248847925, 0.7155145929339478, 0.8749615975422427, 0.9321044546850998, 0.9385560675883257, 0.956989247311828, 0.954531490015361, 0.9655913978494624, 0.9643625192012288, 0.9671274961597542, 0.967741935483871, 0.9665130568356375, 0.9695852534562212, 0.9668202764976959, 0.9674347158218126], "devloss": [2.5487677051175024, 0.9481933193822061, 0.4515445925947708, 0.29813496747873897, 0.2455563024716443, 0.22609317330171436, 0.20417136256046559, 0.18586254023736523, 0.18604879390259493, 0.18893163915603392, 0.18963048514407901, 0.18411292348589217, 0.18244838872538185, 0.18431824816536793, 0.19035703204743873], "testacc": 1.0, "testloss": 0.002132988069206476}