{"trainacc": [0.084926324173636, 0.18357228195937875, 0.3496415770609319, 0.4982277976901633, 0.6722620469932298, 0.7675726802070888, 0.8184388689765034, 0.8738351254480287, 0.8948626045400239, 0.9075567502986858, 0.9243827160493827, 0.9263440860215054, 0.9389984070091597, 0.9466547192353644, 0.9539028275587416], "trainloss": [3.184083921365271, 2.8361627906026805, 2.100155851462124, 1.5831622922862019, 1.0532235554113467, 0.7553242344938869, 0.5906958003910069, 0.41297264500402064, 0.34266008634293804, 0.29617254840145546, 0.24227158370090643, 0.2318903706620671, 0.1903858506604762, 0.17338711141721036, 0.14875090895765855], "devacc": [0.09861751152073733, 0.22334869431643625, 0.44270353302611365, 0.5803379416282642, 0.7723502304147466, 0.8377880184331797, 0.8672811059907835, 0.901689708141321, 0.9072196620583718, 0.9176651305683564, 0.9225806451612903, 0.9210445468509985, 0.9431643625192012, 0.9410138248847926, 0.9443932411674347], "devloss": [3.16575560152256, 2.6957088516604517, 1.845276574385331, 1.33238553121892, 0.7851015961115262, 0.5860342336689821, 0.44092951405982267, 0.36748838273610934, 0.35516683983912667, 0.28744296846301876, 0.26490646284846114, 0.2876879854411024, 0.23843594012172542, 0.24619304570734227, 0.2134621003943105], "testacc": 1.0, "testloss": 0.009292220696806908}