{"trainacc": [0.25186180804460373, 0.5978295499800876, 0.7744324970131422, 0.8841596973317404, 0.9361111111111111, 0.9484966148944644, 0.9592393468737554, 0.9679709279171644, 0.9719135802469135, 0.9839506172839506, 0.9842194344882517, 0.9860115491835922, 0.9855137395459976, 0.9902827558741537, 0.9883512544802867], "trainloss": [2.4703828747269645, 1.2673481504834538, 0.6979907177468782, 0.3536349644833283, 0.19390815637088876, 0.15495461807669705, 0.12313612389379362, 0.0934561658094291, 0.08628345723736813, 0.05010309073464275, 0.04701811777541287, 0.041612188887015754, 0.04181083166257455, 0.031108253408477084, 0.03491757378169072], "devacc": [0.29001536098310293, 0.6571428571428571, 0.8125960061443932, 0.8835637480798771, 0.9262672811059908, 0.9278033794162827, 0.9354838709677419, 0.9447004608294931, 0.9468509984639016, 0.9499231950844854, 0.9536098310291858, 0.954531490015361, 0.9529953917050691, 0.9619047619047619, 0.9557603686635945], "devloss": [2.327518737810548, 1.1223329212259037, 0.652742476507266, 0.4579876036413254, 0.33689358020158405, 0.34258731760187633, 0.30400776217610054, 0.299358519266278, 0.29503505913892647, 0.28891905002330304, 0.28709406676929666, 0.27316338558625514, 0.3222938046065344, 0.2608458318056599, 0.26069664872736426], "testacc": 1.0, "testloss": 9.078979201149195e-05}