{"trainacc": [0.12390481879729191, 0.44553962564715255, 0.6586818000796495, 0.7802568697729988, 0.8457188371166866, 0.8930605336519315, 0.9023994424532059, 0.9307745917960971, 0.9513639984070091, 0.962126642771804, 0.9624651533253684, 0.9755675029868578, 0.9749303066507368, 0.9736658701712465, 0.9828554360812425], "trainloss": [3.0621649914175237, 1.8556073155596835, 1.0807403456352944, 0.6999419743157345, 0.4899089574244145, 0.3369523814858217, 0.2848387291140881, 0.2139798203659029, 0.14957381185842955, 0.11652169318306688, 0.11608070881954943, 0.07650857206028992, 0.07721400081782002, 0.07740231211271623, 0.054948723958438014], "devacc": [0.18556067588325653, 0.5490015360983103, 0.7453149001536098, 0.8236559139784946, 0.880184331797235, 0.9216589861751152, 0.9244239631336405, 0.9468509984639016, 0.9548387096774194, 0.957910906298003, 0.9634408602150538, 0.9754224270353302, 0.9723502304147466, 0.9615975422427036, 0.9701996927803379], "devloss": [2.930930874864077, 1.5493056378606278, 0.8305461848935773, 0.5386566842481288, 0.35949644432639194, 0.2357557888404565, 0.22382276343859836, 0.1582604222995345, 0.13957377962665074, 0.12549498965663294, 0.12034020390928066, 0.08906944858313706, 0.08584564836687207, 0.11565709453985988, 0.09179369044331362], "testacc": 1.0, "testloss": 0.02582569047808647}