{"trainacc": [0.13060533651931502, 0.4236857825567503, 0.6934986061330147, 0.8177220230983672, 0.8845679012345679, 0.922978892871366, 0.9380326563122262, 0.957258064516129, 0.9647451214655516, 0.967283950617284, 0.9794703305455994, 0.9754181600955795, 0.983174034249303, 0.9859119872560733, 0.9896555157307846], "trainloss": [2.9813261287044313, 1.9174387186516428, 0.9574010917291561, 0.5687047744096394, 0.35924576952822035, 0.23945090429258745, 0.18964678812838798, 0.13527693577208685, 0.110244256607841, 0.09836908820638235, 0.06521954781764154, 0.07374568371237962, 0.05227902909493788, 0.04396521205164875, 0.0345384003683533], "devacc": [0.15299539170506912, 0.5112135176651306, 0.7397849462365591, 0.8685099846390169, 0.9044546850998464, 0.9336405529953917, 0.9324116743471582, 0.9431643625192012, 0.946236559139785, 0.9526881720430107, 0.9554531490015361, 0.9480798771121351, 0.954531490015361, 0.956989247311828, 0.9643625192012288], "devloss": [2.884035221442649, 1.7274761584497267, 0.8804420414058843, 0.48675773358015423, 0.40602444476246285, 0.3369485757867312, 0.32331665910883434, 0.31965609533446177, 0.3051104549713399, 0.2905094298074872, 0.2804881370012661, 0.3374447928320977, 0.3134000831485344, 0.2819608482897007, 0.2777776940627032], "testacc": 1.0, "testloss": 0.004607009701430798}