{"trainacc": [0.10141377937076862, 0.3191059338908801, 0.5297192353643967, 0.6454599761051374, 0.7520708880923934, 0.8097670250896057, 0.8784647550776583, 0.9075169255276783, 0.9201812027080845, 0.9237056949422541, 0.9437375547590602, 0.9579549980087615, 0.9626443647949025, 0.9638391079251294, 0.9712066905615293], "trainloss": [3.1196995297070758, 2.2151734979918922, 1.477899465153579, 1.1025685996280064, 0.7669639771842045, 0.5737844083898811, 0.3682347565284054, 0.2842638565487759, 0.24447874621607213, 0.23092677541246265, 0.17107171826109094, 0.1261210046005363, 0.11435853755335226, 0.10934359585619315, 0.08796125586314868], "devacc": [0.10967741935483871, 0.36682027649769583, 0.6030721966205838, 0.7219662058371735, 0.8061443932411675, 0.8448540706605223, 0.8823348694316436, 0.9072196620583718, 0.9213517665130568, 0.9210445468509985, 0.9348694316436252, 0.9403993855606759, 0.9431643625192012, 0.9397849462365592, 0.9447004608294931], "devloss": [3.049198876877534, 2.0514442151592625, 1.3236303527234337, 1.0029878731696837, 0.6909106042802609, 0.5667492660783953, 0.47262201056502384, 0.410011907739024, 0.37852445189853967, 0.4068857215791254, 0.3743002075478778, 0.32937953658916985, 0.33458146329299643, 0.3363342627127599, 0.3526836757286353], "testacc": 1.0, "testloss": 0.014910697937011719}