{"trainacc": [0.0983273596176822, 0.29132815611310237, 0.5004480286738351, 0.6139884508164078, 0.6985463958582239, 0.7654320987654321, 0.81305256869773, 0.8319693349263242, 0.8719235364396655, 0.8922939068100358, 0.9073974512146555, 0.9237554759060136, 0.9250298685782556, 0.9395559538032656, 0.9467443249701314, 0.9503783353245718, 0.9644563918757467, 0.9623058542413381, 0.972520908004779, 0.9689167662285942, 0.9712863401035444, 0.9783751493428913, 0.9742333731581043, 0.9754181600955795, 0.984468339307049, 0.9842493030665074, 0.9839307048984468, 0.9861409796893668, 0.9862903225806452, 0.9867582636399841, 0.9877339705296695, 0.9876742333731581, 0.9884010354440462, 0.9916666666666667, 0.9902927120669056, 0.986678614097969, 0.9915571485463959, 0.9911389884508164, 0.9905714854639586, 0.9893269613699721, 0.9920450019912386, 0.9921346077260056, 0.993657905217045, 0.9914874551971327, 0.9890481879729192, 0.9940760653126245, 0.9916666666666667, 0.9948227797690163, 0.9962863401035444, 0.992005177220231, 0.9935882118677818, 0.9955993628036639, 0.9962465153325368, 0.9934289127837514, 0.9944544006371964, 0.9950019912385504, 0.9958980485862207, 0.9956391875746714, 0.9964456391875747, 0.9907407407407407], "trainloss": [3.13329275733966, 2.3765815980687934, 1.5783939820891213, 1.206612809086074, 0.9429073197012734, 0.7322445983599021, 0.5733412251748776, 0.515559559245121, 0.39553581881409194, 0.3289801699321899, 0.27924239316792754, 0.23377605873018753, 0.22194990098227166, 0.18547115363670222, 0.16436834936892544, 0.14955641852698445, 0.10860274647103273, 0.1159754565504147, 0.08789980713736484, 0.09574327212418991, 0.08723858086528032, 0.06876045032409926, 0.07751208979062282, 0.07264260598319264, 0.05013196890686362, 0.05067587940282719, 0.05134713999357346, 0.04516964340015017, 0.043173050773836305, 0.042446630728723685, 0.03934438874791493, 0.03916530624997837, 0.0362620490047916, 0.027824468369926175, 0.03248947115866478, 0.04222076051070699, 0.02701664852866349, 0.027746917012291143, 0.031655311255116045, 0.03263852385338952, 0.025635975597731172, 0.024404766949910665, 0.021609417770921364, 0.0268543445980321, 0.03240128894856149, 0.01990547388059887, 0.02634532669984169, 0.017624329530223404, 0.013854856614252661, 0.023901244767317316, 0.02103335296750745, 0.014550231511202799, 0.013421662290621741, 0.020765141533908023, 0.01756755755201712, 0.016076873157289114, 0.013700066792212312, 0.014022435574584251, 0.01157189538274539, 0.027105898487302636], "devacc": [0.13640552995391705, 0.34961597542242706, 0.5431643625192012, 0.6620583717357911, 0.7428571428571429, 0.8006144393241167, 0.8393241167434716, 0.8454685099846391, 0.8734254992319509, 0.8924731182795699, 0.8955453149001537, 0.9121351766513057, 0.9062980030721967, 0.9225806451612903, 0.9219662058371736, 0.9241167434715822, 0.9397849462365592, 0.9345622119815669, 0.9431643625192012, 0.930568356374808, 0.9459293394777266, 0.9443932411674347, 0.9517665130568357, 0.9394777265745008, 0.9394777265745008, 0.9523809523809523, 0.9533026113671275, 0.9554531490015361, 0.9486943164362519, 0.9539170506912442, 0.9539170506912442, 0.9474654377880184, 0.9572964669738864, 0.9600614439324117, 0.9606758832565284, 0.96036866359447, 0.9619047619047619, 0.9557603686635945, 0.9493087557603687, 0.949615975422427, 0.9490015360983103, 0.9551459293394777, 0.9566820276497696, 0.9533026113671275, 0.9539170506912442, 0.956989247311828, 0.9597542242703533, 0.957910906298003, 0.9665130568356375, 0.9526881720430107, 0.9594470046082949, 0.9480798771121351, 0.957910906298003, 0.9606758832565284, 0.9582181259600614, 0.9625192012288787, 0.9609831029185868, 0.9615975422427036, 0.9622119815668203, 0.9483870967741935], "devloss": [3.0677012990696637, 2.1893555942218974, 1.4532350499509117, 1.1116162258359144, 0.8669382589203971, 0.6703880618794174, 0.550859917418748, 0.5013912070182062, 0.4374122296884862, 0.3892815283366612, 0.3415266830250964, 0.31090862190668483, 0.3270343853856012, 0.28747451607532765, 0.2861664704463449, 0.2823358272901878, 0.238803706548181, 0.2636269539731988, 0.2291219105368935, 0.28173547289613204, 0.21731411147227486, 0.22687583921417112, 0.21736969074345955, 0.2523500885007568, 0.2263022100183821, 0.17642573799405778, 0.2091256750893483, 0.203203030033595, 0.2071561903310811, 0.21089234488076328, 0.19209740575282805, 0.21119689295918162, 0.1841387402626776, 0.18536636734613077, 0.19409631000411126, 0.20823310051233537, 0.16356550390544575, 0.18186809156896883, 0.23870182112889357, 0.22230654968644067, 0.23357007951231046, 0.19406940805197861, 0.19074350918218289, 0.1900247939033992, 0.2073451360249849, 0.20681464658354834, 0.17805692738926357, 0.20919360570643905, 0.18037993155316823, 0.22093372294155683, 0.18454894155675913, 0.24316563673557773, 0.18445648191161967, 0.19253357063790072, 0.18786715053468256, 0.14841725975961728, 0.18116114415606047, 0.1947993470295783, 0.17149658109735233, 0.2394843130342422], "testacc": 0.8, "testloss": 1.9080419540405273}