{"trainacc": [0.20226005575467942, 0.6194743130227002, 0.8626941457586619, 0.9243827160493827, 0.959099960175229, 0.9771007566706491, 0.9840900039824771, 0.9881620868180008, 0.9882516925527678, 0.9901135005973716, 0.9942453205894066, 0.9893667861409797, 0.994026284348865, 0.994205495818399, 0.9915671047391478], "trainloss": [2.6606098986013818, 1.1860571663866761, 0.43195984999481213, 0.22621255952824829, 0.12227396383489901, 0.07122010882529947, 0.04888270285510177, 0.037151080956782705, 0.03787018266799131, 0.03172155537863964, 0.018141144806499122, 0.03167896636504693, 0.019180555394522427, 0.01786621585555081, 0.026858029765796848], "devacc": [0.2423963133640553, 0.680184331797235, 0.8866359447004608, 0.9241167434715822, 0.9407066052227343, 0.9483870967741935, 0.9548387096774194, 0.9536098310291858, 0.9622119815668203, 0.9628264208909371, 0.9600614439324117, 0.9563748079877112, 0.9619047619047619, 0.9594470046082949, 0.9615975422427036], "devloss": [2.572270842741162, 1.0833904649804813, 0.4369786215542648, 0.3358488895926058, 0.2969797281076282, 0.26243651126112255, 0.2684636632418303, 0.25904272805710543, 0.22933970975436374, 0.27490851145735534, 0.2802366942579296, 0.30646865921361105, 0.2771065850926709, 0.2585106923970209, 0.2819869913813156], "testacc": 1.0, "testloss": 2.86102294921875e-05}