{"trainacc": [0.17278972520908004, 0.47330744723217844, 0.6713062524890482, 0.8274093986459577, 0.9090402230187177, 0.9451612903225807, 0.9624551971326165, 0.9628235762644365, 0.9728195937873357, 0.982357626443648, 0.9815312624452409, 0.9873655913978494, 0.9891377937076862, 0.9876045400238949, 0.9931700517722023], "trainloss": [2.779880187417444, 1.6829052950603844, 0.9972502628036439, 0.5239848959545651, 0.2784156520787533, 0.1638400781913043, 0.11400335028393721, 0.10897874649671956, 0.08336735492307368, 0.05508432248907705, 0.05554654995778413, 0.039567664563833885, 0.0336176505181026, 0.03727711302427444, 0.022172875727416688], "devacc": [0.2184331797235023, 0.5278033794162826, 0.7238095238095238, 0.8436251920122888, 0.8995391705069125, 0.9324116743471582, 0.9425499231950845, 0.9403993855606759, 0.9477726574500768, 0.9585253456221198, 0.9563748079877112, 0.9625192012288787, 0.9689708141321045, 0.9615975422427036, 0.9680491551459294], "devloss": [2.646297385615687, 1.522448839679841, 0.8747903336577701, 0.5297854660842826, 0.4283031720994255, 0.30520490800730093, 0.27869632675351086, 0.269318750239737, 0.2610908071016936, 0.25247952534306434, 0.23260818826987448, 0.2272717486466131, 0.19962015198672423, 0.2313037147994415, 0.23238285538238315], "testacc": 1.0, "testloss": 0.0001941680966410786}