{"trainacc": [0.26030465949820786, 0.6268120270808443, 0.8181501393866986, 0.9119972122660295, 0.9453803265631222, 0.9603643966547193, 0.9755675029868578, 0.9779271206690562, 0.9854340900039825, 0.9866188769414576, 0.9892572680207089, 0.9897152528872959, 0.9885205097570688, 0.9910394265232975, 0.9931202708084429], "trainloss": [2.454881481229903, 1.1879665764001963, 0.5631363595543227, 0.2720254856554553, 0.1680814705014656, 0.11751720107192777, 0.07433351921307071, 0.06459149185305499, 0.044960991522851386, 0.0434310209604699, 0.03385099647355265, 0.030769702313042813, 0.036239877388798136, 0.027544712683401796, 0.023276513405678306], "devacc": [0.27772657450076804, 0.6522273425499232, 0.8258064516129032, 0.8814132104454685, 0.9161290322580645, 0.9268817204301075, 0.9216589861751152, 0.9425499231950845, 0.9354838709677419, 0.943778801843318, 0.9443932411674347, 0.9529953917050691, 0.941321044546851, 0.943778801843318, 0.9490015360983103], "devloss": [2.4195725796958816, 1.1146087355328045, 0.5627682353219678, 0.39605706902692944, 0.3066604415529884, 0.26120997436584964, 0.28258431040196924, 0.2346027277169689, 0.22387641757589333, 0.2289828165747603, 0.21048284215586527, 0.18155376008853386, 0.292712255419674, 0.2541395053610824, 0.19596908499018936], "testacc": 1.0, "testloss": 0.012688636779785156}