{"trainacc": [0.2105236957387495, 0.5431800079649542, 0.7265432098765432, 0.8406013540422143, 0.9029868578255675, 0.9323775388291518, 0.946415770609319, 0.9634906411788132, 0.9660195141377937, 0.9720230983671844, 0.9794802867383513, 0.9827956989247312, 0.9851951413779371, 0.9873058542413381, 0.987584627638391], "trainloss": [2.638779561009743, 1.4535561718821097, 0.8488033518925078, 0.4904318946094353, 0.30392122528601434, 0.20811507278517014, 0.16430170382756915, 0.11117706102460373, 0.10652929713577922, 0.08540093904114111, 0.062296893917193265, 0.05315908679255733, 0.04498879414323268, 0.04001665609725167, 0.03811293966698782], "devacc": [0.2712749615975422, 0.6067588325652842, 0.7714285714285715, 0.851305683563748, 0.9047619047619048, 0.9139784946236559, 0.9290322580645162, 0.9324116743471582, 0.9268817204301075, 0.9431643625192012, 0.9456221198156682, 0.9499231950844854, 0.957910906298003, 0.9557603686635945, 0.9572964669738864], "devloss": [2.528082443272463, 1.2506529109269244, 0.7052160630577721, 0.4449633304973901, 0.3304846156302685, 0.3038475150886219, 0.2616666957804684, 0.2725718414179191, 0.28642266329532395, 0.24590742485039793, 0.24702697635246312, 0.20239357911221992, 0.21947297089934897, 0.2500712386748758, 0.2100079830753089], "testacc": 1.0, "testloss": 0.00016326904005836695}