{"trainacc": [0.24460374352847472, 0.5665770609318996, 0.7200119474313023, 0.8243030665073676, 0.8783751493428913, 0.9033751493428913, 0.9409796893667861, 0.9571485463958582, 0.9582437275985664, 0.9687076861808045, 0.9768717642373557, 0.9813918757467145, 0.9799980087614496, 0.985205097570689, 0.9869374751095181], "trainloss": [2.4966273646770554, 1.378334971596548, 0.8808735321357116, 0.5387806701546217, 0.36711961383460673, 0.2845399282525517, 0.18185966112956922, 0.1307465177220754, 0.1206652542961185, 0.09518352053000223, 0.07087896367047636, 0.058934502859945934, 0.05955266197664906, 0.04557059592986869, 0.039319973422287824], "devacc": [0.27373271889400924, 0.6199692780337942, 0.7572964669738863, 0.832258064516129, 0.8897081413210446, 0.8930875576036866, 0.9204301075268817, 0.9357910906298003, 0.9287250384024578, 0.9400921658986175, 0.9542242703533026, 0.9453149001536099, 0.946236559139785, 0.9508448540706606, 0.9529953917050691], "devloss": [2.414977452722013, 1.1859751577201527, 0.7760474308295184, 0.5402657296251042, 0.39522096020285435, 0.3415238921818096, 0.3048581825698026, 0.27622828189678456, 0.2759963585759088, 0.2597670797516124, 0.2271020775017101, 0.2444964441286254, 0.23444318002270115, 0.2219509271570065, 0.23097784006925223], "testacc": 1.0, "testloss": 0.0036563873291015625}