{"trainacc": [0.16104141776184788, 0.5666069295101553, 0.7777877339705297, 0.8780366387893269, 0.927299880525687, 0.9523695738749502, 0.9661290322580646, 0.9656212664277181, 0.9746714456391876, 0.9820589406610912, 0.9840203106332138, 0.9872361608920749, 0.9838410991636798, 0.9875348466746317, 0.9889386698526483], "trainloss": [2.870647090025415, 1.3904282845903895, 0.7058309957545291, 0.37898561992240776, 0.22423909633924458, 0.14759075846812347, 0.10595497303378625, 0.10192746883580904, 0.07690073969677144, 0.055440864112926924, 0.04868277619629564, 0.04157248419668334, 0.047126580584958964, 0.03876061384814258, 0.034378969877192765], "devacc": [0.20184331797235022, 0.6632872503840246, 0.8365591397849462, 0.9109062980030722, 0.9459293394777266, 0.9625192012288787, 0.9683563748079878, 0.9594470046082949, 0.9751152073732718, 0.9800307219662059, 0.9766513056835637, 0.9701996927803379, 0.9609831029185868, 0.9686635944700461, 0.9855606758832566], "devloss": [2.7142920625923965, 1.0604107693043723, 0.4858874763761248, 0.27427309902582303, 0.16779103888894006, 0.11904610051400101, 0.0957809956186378, 0.12353797583124056, 0.08207908073603283, 0.05666732496242919, 0.06358687490362176, 0.0921155972071507, 0.10859166662539205, 0.09124888249668657, 0.04590380235579431], "testacc": 1.0, "testloss": 0.0015193938743323088}