{"trainacc": [0.17805655117483074, 0.4787335722819594, 0.7166666666666667, 0.8518817204301076, 0.8958383114297093, 0.9334129828753485, 0.9582437275985664, 0.964336917562724, 0.9721326164874552, 0.974084030266826, 0.9809040223018718, 0.9820688968538431, 0.9889386698526483, 0.9901931501393867, 0.9870768618080447], "trainloss": [2.795030155489522, 1.6695577684554006, 0.8926672807659869, 0.46245570557376675, 0.3197540519592155, 0.19651239946609186, 0.1286127375285258, 0.10720098392065423, 0.08301801716946644, 0.07903219288350789, 0.05939517264992106, 0.05444631040799504, 0.03478359941531111, 0.030928987001592967, 0.03857881169467987], "devacc": [0.21321044546850998, 0.546236559139785, 0.7705069124423963, 0.8691244239631336, 0.8986175115207373, 0.9136712749615975, 0.9302611367127496, 0.9403993855606759, 0.936405529953917, 0.9360983102918586, 0.9474654377880184, 0.9520737327188941, 0.9505376344086022, 0.9416282642089093, 0.9410138248847926], "devloss": [2.707862400239514, 1.4621896353734802, 0.7593161848283583, 0.4412201975347809, 0.3557075561466305, 0.30561552866263325, 0.23114959655269499, 0.23312287684959201, 0.2529221380361214, 0.2558992329281047, 0.21282823953760385, 0.1977228662385369, 0.21003066628210007, 0.22753301887742935, 0.2559562549338363], "testacc": 1.0, "testloss": 0.0013336181873455644}