{"trainacc": [0.1765531660692951, 0.512415372361609, 0.7461668657905217, 0.864705296694544, 0.9223416965352449, 0.9541019514137794, 0.9652329749103943, 0.9752389486260454, 0.971784149741139, 0.9836021505376344, 0.9846973317403425, 0.9919354838709677, 0.9927319792911191, 0.9865690959776982, 0.9907905217045002], "trainloss": [2.765499463502936, 1.5318805709249799, 0.7909162865246211, 0.4209244646835213, 0.2346983750305153, 0.1396589468421332, 0.10414456091420625, 0.07459954233793376, 0.0880223916957028, 0.04923914622608906, 0.04708309875069055, 0.02620508623717791, 0.023742012514898568, 0.038131507302733444, 0.028570115531760233], "devacc": [0.21689708141321046, 0.5397849462365591, 0.794162826420891, 0.8841781874039939, 0.9308755760368663, 0.9360983102918586, 0.946236559139785, 0.94715821812596, 0.9483870967741935, 0.9548387096774194, 0.9529953917050691, 0.9612903225806452, 0.9622119815668203, 0.9450076804915515, 0.9551459293394777], "devloss": [2.655843428203038, 1.4605062722061086, 0.7205552390094176, 0.4537206342967425, 0.32812286315975103, 0.31340509090006075, 0.2664506988522644, 0.2805562371619835, 0.2955794817840998, 0.2781326465892352, 0.3068370104934763, 0.27503632592715427, 0.2740036769671374, 0.32129060549120747, 0.2894642661381427], "testacc": 1.0, "testloss": 0.025395965203642845}