{"trainacc": [0.23382118677817604, 0.5983771405814416, 0.8087216248506571, 0.8923038630027877, 0.9353444842692155, 0.9500497809637595, 0.9644464356829948, 0.976742333731581, 0.9822381521306253, 0.9807646356033453, 0.9856033452807647, 0.9893767423337316, 0.9877339705296695, 0.9930007964954202, 0.9917562724014337], "trainloss": [2.576415019650613, 1.2510172991057593, 0.5955897071882815, 0.3282669191220898, 0.1933815298577506, 0.1502247514779565, 0.10301878852068737, 0.07009463774411981, 0.05487463170642494, 0.0576368616192892, 0.0429949767013017, 0.03338564869590557, 0.037882182829464775, 0.024150102693040097, 0.025120127014815807], "devacc": [0.2629800307219662, 0.6046082949308755, 0.8104454685099847, 0.8986175115207373, 0.9112135176651306, 0.9228878648233487, 0.9360983102918586, 0.9499231950844854, 0.949615975422427, 0.9529953917050691, 0.9536098310291858, 0.9576036866359448, 0.956989247311828, 0.9658986175115207, 0.957910906298003], "devloss": [2.495527610251431, 1.1747543295407625, 0.5931687184742519, 0.33297710525824725, 0.3085061952403064, 0.30034158883556245, 0.22479738576620956, 0.22232597788220726, 0.20199539817972667, 0.1865957627236019, 0.19696084784197918, 0.17549268042986294, 0.23931479165630956, 0.1637098762434199, 0.2118706395549159], "testacc": 1.0, "testloss": 0.0015121459728106856}