{"trainacc": [0.10486857825567503, 0.18212863401035445, 0.302847471127041, 0.41197729988052567, 0.54742134607726, 0.6399143767423338, 0.7321485463958582, 0.7965651135005973, 0.8407805655117483, 0.853763440860215, 0.8838410991636798, 0.8990840302668259, 0.9157706093189965, 0.9151732377538829, 0.9304958183990442], "trainloss": [3.142272120877976, 2.7831387227866244, 2.3766756621740197, 1.8931294938854277, 1.444028275129758, 1.1387454496347207, 0.8556355392491376, 0.6595369153338948, 0.5133390882216047, 0.4818863190594825, 0.37549160878433263, 0.31875589320807757, 0.2669429376792594, 0.26914562850193596, 0.2205955605762549], "devacc": [0.11766513056835637, 0.22334869431643625, 0.40706605222734255, 0.5244239631336406, 0.674347158218126, 0.7440860215053764, 0.7920122887864823, 0.8457757296466973, 0.8642089093701997, 0.8829493087557604, 0.8998463901689708, 0.9062980030721967, 0.9112135176651306, 0.9056835637480799, 0.9244239631336405], "devloss": [3.1034227010841193, 2.634732256287254, 2.1200094102165115, 1.5548140365407215, 1.117921063976903, 0.8377907479413643, 0.6482823578992747, 0.5251796018967431, 0.45114871255263755, 0.37848974510271977, 0.3380021738566561, 0.3000647806077509, 0.2900184823483366, 0.29978151852908774, 0.26352553103925996], "testacc": 1.0, "testloss": 0.009843254461884499}