{"trainacc": [0.07158502588610116, 0.2608522500995619, 0.5591099163679809, 0.76452608522501, 0.8351254480286738, 0.9037435284747113, 0.9301871764237356, 0.9535941855834329, 0.9620768618080446, 0.9737056949422541, 0.9760951812027081, 0.980605336519315, 0.9857128634010355, 0.9824671445639187, 0.9844185583432895], "trainloss": [3.2038800777642673, 2.5057989289113984, 1.3977723210658366, 0.7534928016693931, 0.5175046064627213, 0.30551675853977067, 0.2130802199155484, 0.1463025453830919, 0.11890907966606364, 0.08627628579539923, 0.07730477299260836, 0.06362191325981557, 0.04614968476383062, 0.05367260453655087, 0.04713681167972985], "devacc": [0.0728110599078341, 0.2706605222734255, 0.6061443932411674, 0.7784946236559139, 0.8328725038402458, 0.8912442396313364, 0.9069124423963134, 0.9262672811059908, 0.9210445468509985, 0.938863287250384, 0.9370199692780338, 0.9490015360983103, 0.9526881720430107, 0.9431643625192012, 0.9542242703533026], "devloss": [3.194049649524249, 2.446660338458927, 1.278035558313818, 0.6981975087372388, 0.5195167078400538, 0.37311926195698397, 0.3017934093140237, 0.27087204357446065, 0.28063029909188847, 0.2638578697833048, 0.25719326267594017, 0.24056633949829137, 0.21102263857417392, 0.2694399922674153, 0.20958305991465045], "testacc": 1.0, "testloss": 0.01589641533792019}