{"trainacc": [0.16110115491835922, 0.5330147351652728, 0.8161987256073278, 0.9114794902429311, 0.9459577857427319, 0.968010752688172, 0.9789426523297491, 0.9818299482277977, 0.9840800477897252, 0.9860613301473516, 0.9872461170848268, 0.9878733572281959, 0.9915870171246516, 0.9920250896057348, 0.9945440063719634], "trainloss": [2.800142241350354, 1.4847108953172874, 0.5749604268313309, 0.27736346497508646, 0.16803528591011302, 0.09834603667971338, 0.06532504824362918, 0.05646288955946906, 0.04883001109956805, 0.04164343996122569, 0.039762127121939383, 0.03592451886477543, 0.025441051759560154, 0.024419617272797737, 0.018162882981962093], "devacc": [0.18433179723502305, 0.5588325652841782, 0.8178187403993855, 0.9096774193548387, 0.9327188940092166, 0.936405529953917, 0.9490015360983103, 0.9428571428571428, 0.9542242703533026, 0.9533026113671275, 0.9582181259600614, 0.9594470046082949, 0.9539170506912442, 0.956989247311828, 0.9566820276497696], "devloss": [2.7470128613133586, 1.3656989154727777, 0.5627192981232146, 0.3482275498078166, 0.2760516663300826, 0.2612572362483372, 0.22607127065482777, 0.23510070852420298, 0.2246514359652172, 0.2349506254707064, 0.23369604204931566, 0.23741662660227394, 0.2742578071383287, 0.2339739265255115, 0.22709440937789355], "testacc": 1.0, "testloss": 3.929138256353326e-05}