{"trainacc": [0.09757068896853843, 0.1594484269215452, 0.2175726802070888, 0.27313819195539624, 0.3170151334129829, 0.37976901632815613, 0.4412982875348467, 0.4752389486260454, 0.5252090800477898, 0.5718339307048984, 0.6091099163679808, 0.6440561529271207, 0.6646555157307845, 0.6784547988849065, 0.7122958980485862], "trainloss": [3.165924081523216, 2.931294511723262, 2.6682557935783087, 2.4687057462929256, 2.2871041292215617, 2.068726354887266, 1.8717144075402792, 1.7132849566540553, 1.54498128267172, 1.4023223858295517, 1.282286649465276, 1.16722826447823, 1.0916059559106541, 1.04460335062681, 0.9414580211559647], "devacc": [0.14869431643625192, 0.22334869431643625, 0.3207373271889401, 0.39631336405529954, 0.4399385560675883, 0.49185867895545315, 0.5533026113671276, 0.61321044546851, 0.6605222734254992, 0.695852534562212, 0.723195084485407, 0.7576036866359447, 0.7784946236559139, 0.7910906298003072, 0.8101382488479263], "devloss": [3.0410005079436413, 2.735409619072066, 2.3532199134475076, 2.1094455092733355, 1.9021582295817714, 1.6526220888586087, 1.4361591646748204, 1.2357204905303392, 1.0811066418748847, 0.9597504487784777, 0.872055902459105, 0.7484217558038949, 0.6999827148178206, 0.6593507553025875, 0.5950829004911783], "testacc": 0.8, "testloss": 0.35371798276901245}