{"trainacc": [0.22267025089605735, 0.5404320987654321, 0.6911091198725607, 0.7822082835523696, 0.8533651931501394, 0.9073576264436479, 0.9239048187972919, 0.9545898048586221, 0.9697729988052569, 0.9761549183592194, 0.9735762644364795, 0.978584229390681, 0.9818299482277977, 0.9839406610911987, 0.9859518120270808], "trainloss": [2.5825789061640894, 1.4277316147423702, 0.9631128836703556, 0.669848447204918, 0.43429091220260946, 0.2848179783658742, 0.22394117776175412, 0.13910354104609615, 0.09410672963306468, 0.07533180311972024, 0.07837388885909582, 0.06512493734763158, 0.05530977640812827, 0.048396102345260386, 0.041717025472503264], "devacc": [0.2162826420890937, 0.6070660522273426, 0.7526881720430108, 0.8248847926267281, 0.8795698924731182, 0.9127496159754225, 0.9293394777265745, 0.9410138248847926, 0.9483870967741935, 0.954531490015361, 0.9594470046082949, 0.9554531490015361, 0.957910906298003, 0.9548387096774194, 0.9539170506912442], "devloss": [2.5388218027106078, 1.2823133616952853, 0.8857386634097121, 0.6632101436913838, 0.5088398170910673, 0.4060714945265774, 0.36607910878097955, 0.32760376335563746, 0.33663036457953915, 0.3131704558425235, 0.2877511783816298, 0.31967540919643395, 0.2900314560408966, 0.3126452893430736, 0.3355229689228919], "testacc": 1.0, "testloss": 5.664825584972277e-05}