{"trainacc": [0.044922341696535244, 0.24435483870967742, 0.4791816009557945, 0.6932397451214656, 0.8316109119872561, 0.9039725209080047, 0.9395360414177618, 0.9523297491039426, 0.9664078056551175, 0.9741039426523298, 0.9842791716447631, 0.9811330147351652, 0.9868976503385105, 0.9902230187176424, 0.9893170051772202], "trainloss": [3.257458768152991, 2.45146489157614, 1.6508667966086092, 0.9720472710890297, 0.5360817767884426, 0.29589172298691746, 0.19255036493961386, 0.14658315862076116, 0.10451145452784381, 0.08016005368945561, 0.05139489551581077, 0.05772833023420585, 0.04338493878900862, 0.0319144263220428, 0.03407398513390315], "devacc": [0.047619047619047616, 0.28448540706605224, 0.533026113671275, 0.7536098310291859, 0.8488479262672811, 0.904147465437788, 0.9259600614439324, 0.9311827956989247, 0.9360983102918586, 0.9511520737327189, 0.946236559139785, 0.9480798771121351, 0.9588325652841782, 0.9597542242703533, 0.9477726574500768], "devloss": [3.251295117189258, 2.297770123327932, 1.4945492953199395, 0.8515590668273961, 0.5661378763787758, 0.39512474718181767, 0.3267397509741893, 0.3355836288720232, 0.3004400009109128, 0.2782574901314375, 0.2866098081461296, 0.28296319007324183, 0.2707110280128119, 0.26279256681692764, 0.3238356952568353], "testacc": 1.0, "testloss": 0.0012769699096679688}