{"trainacc": [0.2374352847471127, 0.6375746714456392, 0.8400039824771007, 0.9031362007168459, 0.951831939466348, 0.9737654320987654, 0.9768219832735962, 0.9820489844683393, 0.9858323377140581, 0.9855933890880128, 0.9906511350059737, 0.9884707287933094, 0.9895459976105138, 0.9941358024691358, 0.9941059338908801], "trainloss": [2.510961290471158, 1.1158730416884701, 0.4953369836511008, 0.28913826586204616, 0.1420744535298473, 0.0823205794956593, 0.06981234132727272, 0.05406901542555759, 0.0424927747847341, 0.04164402693033824, 0.029137170510845016, 0.03536986635292445, 0.031328109338915194, 0.018746069160689518, 0.018638699496857012], "devacc": [0.28663594470046083, 0.6952380952380952, 0.8688172043010752, 0.9164362519201229, 0.9486943164362519, 0.9668202764976959, 0.9680491551459294, 0.9778801843317972, 0.9775729646697389, 0.981874039938556, 0.9812596006144393, 0.9812596006144393, 0.9874039938556067, 0.9864823348694316, 0.9852534562211982], "devloss": [2.333152118366435, 0.9259902389917506, 0.4098145640390809, 0.22584457084330545, 0.14965897551330004, 0.0997042410109999, 0.08975278397309615, 0.07273074167390023, 0.06766695561840237, 0.04486546388179201, 0.06196749933098318, 0.060225186466072014, 0.042538595913742, 0.03925505903665371, 0.052513191021532506], "testacc": 1.0, "testloss": 0.022414779290556908}