{"trainacc": [0.13060533651931502, 0.37592592592592594, 0.6917363600159299, 0.822062923138192, 0.8788729589804859, 0.9225209080047789, 0.9418458781362007, 0.9484966148944644, 0.9615989645559538, 0.9731481481481481, 0.9644165671047391, 0.9739844683393071, 0.9809040223018718, 0.9858920748705695, 0.9870967741935484], "trainloss": [2.958432640368508, 2.0195656018587567, 0.9775801132229494, 0.5654620135841689, 0.3865767549478595, 0.24849816758893298, 0.18285933455614775, 0.15840295153884762, 0.11774392554641055, 0.08658464886292619, 0.10304059091345669, 0.07813167842405458, 0.059283185739119136, 0.045636857760760804, 0.042141353981869835], "devacc": [0.15483870967741936, 0.39938556067588327, 0.7462365591397849, 0.8488479262672811, 0.8764976958525346, 0.9231950844854071, 0.9394777265745008, 0.9296466973886329, 0.9403993855606759, 0.9468509984639016, 0.9290322580645162, 0.9591397849462365, 0.9508448540706606, 0.9542242703533026, 0.9554531490015361], "devloss": [2.8996352259464526, 1.9155726421813262, 0.8197993855871912, 0.5077124574492055, 0.3980967851553095, 0.2641010199961025, 0.21722789273558674, 0.28151562494067, 0.23119330529793067, 0.22290603631103093, 0.2424733134733367, 0.16375969865355075, 0.17785617970101844, 0.1894371568607295, 0.18392636520521982], "testacc": 0.8, "testloss": 0.6064918637275696}