{"trainacc": [0.22037037037037038, 0.5348864994026284, 0.7228195937873357, 0.8502588610115492, 0.8939964157706093, 0.9274193548387096, 0.9537037037037037, 0.9628434886499403, 0.9729689366786141, 0.9813221823974512, 0.9781362007168459, 0.985663082437276, 0.9885404221425727, 0.9905117483074473, 0.9902329749103943], "trainloss": [2.618927702681565, 1.469187938255506, 0.8552037765546796, 0.4627249040946881, 0.31896998071898414, 0.21504876541870613, 0.14064423682495258, 0.11129478394557926, 0.08203070903621978, 0.05928358903183661, 0.06430489188916937, 0.04456134742679989, 0.03627896425842776, 0.029996935064540542, 0.029355200967810417], "devacc": [0.2678955453149002, 0.5846390168970814, 0.744700460829493, 0.8608294930875576, 0.8890937019969278, 0.9084485407066052, 0.9400921658986175, 0.9354838709677419, 0.9407066052227343, 0.946236559139785, 0.943778801843318, 0.9557603686635945, 0.9523809523809523, 0.9526881720430107, 0.9526881720430107], "devloss": [2.4834028861489714, 1.3226681749941567, 0.7889120773785675, 0.4857377488217596, 0.3965718391853543, 0.35757191966755597, 0.2772797609803863, 0.27286558945058126, 0.29057821823704627, 0.26556528315016753, 0.273843102672133, 0.22793943362851296, 0.23822245757151309, 0.2502885264460392, 0.25416790656230415], "testacc": 1.0, "testloss": 0.040670014917850494}