{"trainacc": [0.15363401035444046, 0.4818199920350458, 0.7123755475906014, 0.8370469932297889, 0.8716845878136201, 0.9107128634010354, 0.9414078056551175, 0.9472620469932298, 0.9587216248506572, 0.9664277180406212, 0.9744324970131422, 0.9777877339705296, 0.9815909996017523, 0.9858920748705695, 0.9871664675428117], "trainloss": [2.8750737532350183, 1.6392993043258057, 0.89871751468099, 0.5136046202913407, 0.38874907675894643, 0.2772132573446777, 0.18264258662717175, 0.15917111401364936, 0.12501493697204896, 0.1015585500261832, 0.07960191601609172, 0.06826146170853002, 0.057861108622172114, 0.0431184485641485, 0.04210347659538723], "devacc": [0.2129032258064516, 0.5450076804915515, 0.7831029185867896, 0.8682027649769585, 0.8875576036866359, 0.9105990783410138, 0.9324116743471582, 0.936405529953917, 0.9419354838709677, 0.9419354838709677, 0.9539170506912442, 0.9520737327188941, 0.9465437788018434, 0.9514592933947773, 0.957910906298003], "devloss": [2.747774227423602, 1.3835782142278785, 0.7331072130510884, 0.49346684187238665, 0.39678803965243326, 0.35316958872403964, 0.2843435512435052, 0.2994349828238861, 0.28651964533988233, 0.28366323811117955, 0.25859861426089764, 0.25344047664497305, 0.2761654316142957, 0.2869769385608111, 0.2869670836057531], "testacc": 1.0, "testloss": 0.00077056884765625}