{"trainacc": [0.05242850658193373, 0.06547889241942806, 0.07642986836132547, 0.09855878347707671, 0.1349863822060826, 0.17947117566954154, 0.2342260553790286, 0.31025873808443033, 0.39729913753971857, 0.43951429868361325, 0.5234339536995006, 0.5692805265546982, 0.6234679981842941, 0.644859282796187, 0.6825351793009532, 0.7079550612800726, 0.7141398093508852, 0.7507943713118475, 0.7751361779391739, 0.7780866999546073, 0.8129822968679074, 0.8237063095778484, 0.8439627780299591, 0.8281320926009986, 0.8393667725828415, 0.8625737630503858, 0.8740921470721743, 0.8827734906945075, 0.8854970494779846, 0.9004198819791194, 0.9112573763050386, 0.894859282796187, 0.9198819791193826, 0.9256695415342715, 0.9047321833862915, 0.9284498411257376, 0.9315138447571494, 0.9336699954607354, 0.9393440762596459, 0.9467203812982297, 0.9548343168406718, 0.9488197911938266, 0.9533590558329551, 0.9432591920108943, 0.9446209714026328, 0.9578983204720836, 0.9661824784384929, 0.9659555152065366, 0.9637993645029506, 0.9682251475261008, 0.968849296413981, 0.9614729913753972, 0.9729346345891966, 0.9736722650930549, 0.974807081252837, 0.9698706309577848, 0.9812755333635951, 0.9780980481162052, 0.9793463458919655, 0.978551974580118, 0.9815592374035407, 0.9825805719473445, 0.9833749432591921, 0.9841693145710395, 0.9809918293236496, 0.9873467998184294, 0.9776441216522923, 0.9871765773944621, 0.9735587834770767, 0.9813322741715842, 0.9870630957784838], "trainloss": [3.4116764541544593, 3.262357364553676, 3.186143819873462, 3.0771523207033757, 2.901604482654653, 2.717893869185307, 2.5359609426285425, 2.2697827732676656, 1.9447253894600283, 1.7719604676277378, 1.5036829754919883, 1.3117530197108056, 1.1693460181037567, 1.0792067842866635, 0.9884810988409541, 0.9064092225802253, 0.86951514342618, 0.7486647638985637, 0.6735429012039494, 0.6509898747171644, 0.5614615492505807, 0.5113542647292492, 0.4763327620676632, 0.5090310031102562, 0.46852157045455073, 0.40880193737518555, 0.3702941170292879, 0.3434239477122095, 0.3374281740166954, 0.2914782686296832, 0.26295000519662676, 0.2931880593110473, 0.2353788129900782, 0.21680498427212158, 0.2660672143236973, 0.2066843637514266, 0.19928124792200838, 0.18388176737146059, 0.1876059462313375, 0.15964189205273033, 0.14176206280406745, 0.15232949429650336, 0.14311819147492774, 0.16457959915216652, 0.15658280063341057, 0.1212082552337614, 0.10244472020297661, 0.10025632126773426, 0.10299910928274467, 0.09760109681840708, 0.09467500756835862, 0.11477061675263707, 0.08383225807197192, 0.07871920822498558, 0.0770918176785497, 0.09018360485529499, 0.06329911753376316, 0.06686855755793712, 0.06458845381852014, 0.0650060839453882, 0.057721436774519644, 0.05793168604512595, 0.050516615772668035, 0.053736277475878697, 0.05501914466720682, 0.042969040767954686, 0.06694343917687347, 0.042705455533669744, 0.07477681284505727, 0.05324177614265661, 0.04082364270559128], "devacc": [0.06684856753069578, 0.06821282401091405, 0.08049113233287858, 0.12551159618008187, 0.1937244201909959, 0.23601637107776263, 0.2578444747612551, 0.40109140518417463, 0.4924965893587995, 0.529331514324693, 0.6221009549795361, 0.6984993178717599, 0.7162346521145976, 0.7244201909959073, 0.7953615279672579, 0.7762619372442019, 0.8130968622100955, 0.8485675306957708, 0.8526603001364257, 0.849931787175989, 0.8990450204638472, 0.8867667121418826, 0.9167803547066848, 0.8840381991814461, 0.9017735334242838, 0.9249658935879945, 0.927694406548431, 0.9154160982264665, 0.9331514324693042, 0.9345156889495225, 0.9508867667121419, 0.9167803547066848, 0.946793997271487, 0.9536152796725784, 0.9331514324693042, 0.9454297407912687, 0.9413369713506139, 0.9481582537517054, 0.9508867667121419, 0.965893587994543, 0.9618008185538881, 0.9549795361527967, 0.9672578444747613, 0.9454297407912687, 0.9536152796725784, 0.9645293315143247, 0.9590723055934516, 0.965893587994543, 0.975443383356071, 0.9536152796725784, 0.965893587994543, 0.956343792633015, 0.9768076398362893, 0.9713506139154161, 0.9713506139154161, 0.9713506139154161, 0.9740791268758526, 0.9822646657571623, 0.9768076398362893, 0.975443383356071, 0.9740791268758526, 0.9713506139154161, 0.9699863574351978, 0.9713506139154161, 0.9604365620736699, 0.9781718963165075, 0.9809004092769441, 0.9768076398362893, 0.9699863574351978, 0.9740791268758526, 0.9809004092769441], "devloss": [3.3074285984039307, 3.227123737335205, 3.0972864627838135, 2.9755733013153076, 2.7172274589538574, 2.5316758155822754, 2.416829824447632, 2.010909080505371, 1.6326489448547363, 1.4850399494171143, 1.1360392570495605, 0.9995001554489136, 0.8909968137741089, 0.8758975267410278, 0.6221438050270081, 0.6960006952285767, 0.5863250494003296, 0.4879843592643738, 0.4637247920036316, 0.46408262848854065, 0.33735233545303345, 0.3156887888908386, 0.2671860456466675, 0.3433019816875458, 0.2928399443626404, 0.24396784603595734, 0.23127920925617218, 0.23594413697719574, 0.210175022482872, 0.18531127274036407, 0.16365140676498413, 0.22943727672100067, 0.14158591628074646, 0.14810355007648468, 0.21496690809726715, 0.15427528321743011, 0.15393389761447906, 0.1342524141073227, 0.13865216076374054, 0.11807849258184433, 0.1028338074684143, 0.1564927101135254, 0.12113520503044128, 0.17275571823120117, 0.1443663090467453, 0.1259339153766632, 0.1112789735198021, 0.1299997866153717, 0.10903547704219818, 0.12437119334936142, 0.11192262172698975, 0.12522496283054352, 0.09491373598575592, 0.10194254666566849, 0.10121779143810272, 0.09706519544124603, 0.09957536309957504, 0.0803307294845581, 0.10058338940143585, 0.07198042422533035, 0.07664252072572708, 0.09412018954753876, 0.09864243865013123, 0.09213245660066605, 0.09569442272186279, 0.07716264575719833, 0.07514562457799911, 0.08289814740419388, 0.13785289227962494, 0.09283711761236191, 0.06595681607723236], "testacc": 1.0, "testloss": 1.4623005881730933e-05}