{"trainacc": [0.13228793309438472, 0.4590900039824771, 0.7489147749900438, 0.8681501393866985, 0.9084826762246118, 0.9466447630426125, 0.9598466746316209, 0.9680904022301872, 0.976831939466348, 0.9777180406212664, 0.9827857427319793, 0.988878932696137, 0.9886200716845878, 0.9924034249303066, 0.9935882118677818], "trainloss": [2.996130859980019, 1.7133505365042419, 0.7819483289439476, 0.41867115771400176, 0.2737448655309216, 0.1664822965664533, 0.11980905458153078, 0.09632549896444613, 0.0719674667999985, 0.06524710400584137, 0.052361691711089946, 0.03626490461561059, 0.034606667835234244, 0.024587287703860584, 0.022397096545892805], "devacc": [0.13671274961597543, 0.5053763440860215, 0.759447004608295, 0.8562211981566821, 0.890015360983103, 0.9213517665130568, 0.9360983102918586, 0.9410138248847926, 0.9357910906298003, 0.9354838709677419, 0.9397849462365592, 0.9563748079877112, 0.9526881720430107, 0.9566820276497696, 0.9600614439324117], "devloss": [2.9590895593441027, 1.5644143292431458, 0.7600398860219437, 0.47087432272423246, 0.34684362169784333, 0.2705774536605255, 0.23352383516625874, 0.22610329551630856, 0.26458696533458026, 0.2853536331159179, 0.24568579150235048, 0.20027689505282634, 0.20517427518895145, 0.2101860430932814, 0.18444900482480978], "testacc": 1.0, "testloss": 5.264282299322076e-05}