{"trainacc": [0.19955197132616487, 0.5851254480286738, 0.7516427718040621, 0.8979689366786141, 0.9377439267224214, 0.9613898845081641, 0.9748008761449621, 0.9799183592194345, 0.9836220629231381, 0.9887295898048586, 0.988510553564317, 0.9929609717244126, 0.991178813221824, 0.9937076861808044, 0.9935483870967742], "trainloss": [2.6399633760520635, 1.2975267688860603, 0.7496850717381053, 0.30875978176454205, 0.18757260857837602, 0.11584824076191641, 0.07628111007624487, 0.06044933566848081, 0.051560483427813976, 0.03382046145176695, 0.036822156782574694, 0.022338280601153237, 0.028281147788716047, 0.020058974272626026, 0.020273279545554978], "devacc": [0.22365591397849463, 0.6488479262672812, 0.7698924731182796, 0.8989247311827957, 0.9308755760368663, 0.9572964669738864, 0.957910906298003, 0.9606758832565284, 0.9526881720430107, 0.9634408602150538, 0.967741935483871, 0.9683563748079878, 0.9695852534562212, 0.9698924731182795, 0.9698924731182795], "devloss": [2.5176581237722653, 1.1588476714999993, 0.7807224804904603, 0.36996794955521684, 0.2887095839883875, 0.20022985888516298, 0.20366818145398172, 0.20657566711649916, 0.2261394197765034, 0.19790151121292246, 0.1853133253238168, 0.19003376687451992, 0.17531274609302047, 0.17351173599194822, 0.1903613853839136], "testacc": 1.0, "testloss": 3.43322744811303e-06}