{"trainacc": [0.1808741537236161, 0.5268717642373556, 0.6839307048984469, 0.8048984468339307, 0.864974113898845, 0.9154022301871764, 0.9286539227399443, 0.9488450816407805, 0.9546694544006372, 0.9693249701314217, 0.9732676224611708, 0.9752588610115492, 0.982268020708881, 0.9874751095181202, 0.9862007168458782], "trainloss": [2.731697151310555, 1.499990625691955, 0.9782292554099358, 0.6086233271777701, 0.4164407825455728, 0.2602685939436033, 0.21491508938042778, 0.1541241878329853, 0.13192023518923648, 0.0901661956128681, 0.08054546733011837, 0.07782016141983272, 0.05549712852311177, 0.039286651976824946, 0.042834190060935355], "devacc": [0.21136712749615977, 0.5505376344086022, 0.7115207373271889, 0.8162826420890937, 0.8583717357910906, 0.9010752688172043, 0.904147465437788, 0.9182795698924732, 0.914900153609831, 0.9367127496159754, 0.9385560675883257, 0.9348694316436252, 0.9376344086021505, 0.94715821812596, 0.9486943164362519], "devloss": [2.6092326652069797, 1.384996140607491, 0.867061639436379, 0.597596529991396, 0.4630223994705534, 0.3310575246261562, 0.33118184508266535, 0.2802842281381106, 0.2610860391421252, 0.24012829040602054, 0.21246492272148484, 0.2557406625302706, 0.2489520481654576, 0.18964333763595, 0.2094288935309731], "testacc": 1.0, "testloss": 0.0005344391101971269}