{"trainacc": [0.2158801274392672, 0.6320390282755874, 0.8217343687773795, 0.9107427319792911, 0.9413878932696137, 0.9623257666268419, 0.9683393070489845, 0.9801871764237355, 0.9871764237355635, 0.9805655117483074, 0.9891278375149343, 0.9901533253683791, 0.9919852648347272, 0.9934587813620072, 0.9934587813620072], "trainloss": [2.6402089911977025, 1.1317346311099783, 0.5450931219395201, 0.2702258645135157, 0.1750124400145549, 0.11498417966557375, 0.09513389373035698, 0.06114605067157617, 0.03951255832281378, 0.057901056169609014, 0.033757530918329275, 0.03255865781533497, 0.024502913475931226, 0.02038781044519592, 0.02051350119019655], "devacc": [0.2500768049155146, 0.6903225806451613, 0.8473118279569892, 0.9084485407066052, 0.9287250384024578, 0.9493087557603687, 0.9511520737327189, 0.956989247311828, 0.9572964669738864, 0.9520737327188941, 0.9609831029185868, 0.9662058371735791, 0.9619047619047619, 0.9668202764976959, 0.9671274961597542], "devloss": [2.526452568818897, 1.0248210622418312, 0.5480089382641876, 0.411611502621031, 0.358986672305841, 0.3173576140184007, 0.30721605249813627, 0.27343376866683433, 0.2761004183973585, 0.2938795879414554, 0.25345799148357406, 0.24199174763420211, 0.2868512767251186, 0.2834092901873698, 0.2523693357195173], "testacc": 1.0, "testloss": 0.0017229079967364669}