{"trainacc": [0.26033452807646357, 0.5809239346873756, 0.7349064117881322, 0.8366089207487057, 0.8992532855436082, 0.935752688172043, 0.9561429709279171, 0.9665571485463959, 0.9760454002389486, 0.9773197929111908, 0.9823775388291517, 0.9809338908801274, 0.9889884508164078, 0.9864595778574273, 0.9898446833930705], "trainloss": [2.4436531007076248, 1.304309305822835, 0.8218896379037854, 0.4947106049906823, 0.29995025689029353, 0.19336075266309108, 0.13255644326177266, 0.10050570223760862, 0.07213204502480788, 0.06715309772787342, 0.052859459951377544, 0.0577691534785565, 0.03479361832542445, 0.04061343767674664, 0.030712373250941862], "devacc": [0.29738863287250383, 0.6485407066052228, 0.7837173579109062, 0.8592933947772657, 0.9235023041474655, 0.9293394777265745, 0.9422427035330261, 0.9391705069124424, 0.9511520737327189, 0.9542242703533026, 0.9499231950844854, 0.9499231950844854, 0.9566820276497696, 0.9533026113671275, 0.9529953917050691], "devloss": [2.359956166711271, 1.1876948313778997, 0.7756495739457794, 0.5380701450158923, 0.3601231635440879, 0.3614986508672688, 0.3165604756449774, 0.2912243084149427, 0.3091026887915651, 0.3039021417155244, 0.3140789761383962, 0.35267065403648235, 0.2945594853519844, 0.3424648180397974, 0.3446001159155973], "testacc": 1.0, "testloss": 8.58306884765625e-05}