{"trainacc": [0.09956192751891677, 0.3028773397052967, 0.5626045400238948, 0.7118777379530068, 0.7951612903225806, 0.8454301075268817, 0.8888888888888888, 0.9095081640780566, 0.927389486260454, 0.9414376742333732, 0.942831541218638, 0.9583134209478296, 0.9657009159697332, 0.9703902827558741, 0.972978892871366], "trainloss": [3.1514566887521687, 2.344127457628968, 1.3696624989862796, 0.9061328972753231, 0.6355191650427655, 0.4899766122390435, 0.3615626440502552, 0.28983913603257677, 0.23296953596201422, 0.18676051234864277, 0.18625291344334718, 0.1324193621212294, 0.11028846593633775, 0.09515124003946995, 0.08728840832766524], "devacc": [0.10691244239631337, 0.34408602150537637, 0.6715821812596006, 0.776036866359447, 0.8341013824884793, 0.8792626728110599, 0.9023041474654377, 0.919815668202765, 0.9333333333333333, 0.9342549923195085, 0.9459293394777266, 0.9474654377880184, 0.9508448540706606, 0.9493087557603687, 0.9486943164362519], "devloss": [3.128080003272553, 2.220814961991552, 1.1451300448536323, 0.788938427850398, 0.5812798032562854, 0.48867617774119576, 0.41244456735074797, 0.37110290686655706, 0.3109656395176039, 0.3090132554555269, 0.2915159694610103, 0.2796146947942022, 0.2613625849172267, 0.2604533377605649, 0.25511340158326284], "testacc": 1.0, "testloss": 0.011445236392319202}