{"trainacc": [0.16941457586618877, 0.5601851851851852, 0.7574472321784149, 0.8708880923934688, 0.9244623655913978, 0.9406411788132218, 0.9618180007964954, 0.9748705694942255, 0.9837216248506571, 0.980515730784548, 0.9853245718837117, 0.983731581043409, 0.993747510951812, 0.9911589008363202, 0.9932696136997212], "trainloss": [2.7517238779876965, 1.3905560522381408, 0.7579702084779455, 0.39247269121976736, 0.22794184645942747, 0.17523643908534853, 0.11620042711193701, 0.07502907397071948, 0.05074571618719055, 0.0560722307434468, 0.0431016092416758, 0.04925342134712987, 0.020204364953578195, 0.02770362526073767, 0.02125359697405387], "devacc": [0.15115207373271888, 0.5855606758832566, 0.7827956989247312, 0.8626728110599078, 0.8983102918586789, 0.9099846390168971, 0.9231950844854071, 0.9317972350230415, 0.9434715821812596, 0.943778801843318, 0.94715821812596, 0.9422427035330261, 0.9533026113671275, 0.9536098310291858, 0.9597542242703533], "devloss": [2.7170417100053776, 1.3314623503091698, 0.7277302950757989, 0.4551758687891718, 0.39401824133736746, 0.3463540641668205, 0.32744283692628007, 0.2743964490527931, 0.2402659828349742, 0.21965267924669152, 0.2517365038669604, 0.26823086514725664, 0.20604492723941803, 0.20705188295808255, 0.1789486845654826], "testacc": 1.0, "testloss": 0.029358291998505592}