{"devacc": [0.1320754716981132, 0.1509433962264151, 0.16981132075471697, 0.16352201257861634, 0.20754716981132076, 0.1949685534591195, 0.20754716981132076, 0.2389937106918239, 0.2578616352201258, 0.2830188679245283, 0.2389937106918239, 0.2641509433962264, 0.3018867924528302, 0.3333333333333333, 0.34591194968553457, 0.37735849056603776, 0.3584905660377358, 0.389937106918239, 0.3836477987421384, 0.389937106918239, 0.37735849056603776, 0.3710691823899371, 0.3836477987421384, 0.39622641509433965, 0.4025157232704403, 0.4088050314465409, 0.39622641509433965, 0.37735849056603776, 0.3836477987421384, 0.4025157232704403, 0.389937106918239, 0.3710691823899371, 0.389937106918239, 0.3710691823899371, 0.389937106918239, 0.41509433962264153, 0.37735849056603776, 0.39622641509433965, 0.39622641509433965, 0.4088050314465409, 0.4088050314465409, 0.3836477987421384, 0.4025157232704403, 0.4025157232704403, 0.39622641509433965, 0.389937106918239, 0.3710691823899371, 0.3836477987421384, 0.4025157232704403, 0.4025157232704403, 0.389937106918239, 0.4025157232704403, 0.42138364779874216, 0.39622641509433965, 0.37735849056603776, 0.3710691823899371, 0.3836477987421384, 0.4088050314465409, 0.4088050314465409, 0.4025157232704403, 0.41509433962264153, 0.389937106918239, 0.42138364779874216, 0.4088050314465409, 0.4025157232704403, 0.3710691823899371, 0.389937106918239, 0.4088050314465409, 0.4088050314465409, 0.3522012578616352, 0.3584905660377358, 0.37735849056603776, 0.3836477987421384, 0.44025157232704404, 0.3836477987421384, 0.41509433962264153, 0.4339622641509434, 0.39622641509433965, 0.4276729559748428, 0.42138364779874216, 0.4276729559748428, 0.4276729559748428, 0.41509433962264153, 0.42138364779874216, 0.37735849056603776, 0.37735849056603776, 0.39622641509433965, 0.4025157232704403, 0.4025157232704403, 0.4339622641509434, 0.37735849056603776, 0.4025157232704403, 0.4088050314465409, 0.39622641509433965, 0.39622641509433965, 0.39622641509433965, 0.389937106918239, 0.389937106918239, 0.4276729559748428, 0.4088050314465409], "trainacc": [0.14727463312368974, 0.17636268343815514, 0.18867924528301888, 0.2329664570230608, 0.26231656184486374, 0.27437106918238996, 0.3079140461215933, 0.3422431865828092, 0.37552410901467503, 0.40068134171907754, 0.4258385744234801, 0.46462264150943394, 0.49056603773584906, 0.48532494758909855, 0.5112683438155137, 0.5445492662473794, 0.5476939203354297, 0.5589622641509434, 0.5828092243186582, 0.5987945492662474, 0.6118972746331237, 0.6268343815513627, 0.6286687631027253, 0.6446540880503144, 0.6512054507337526, 0.6692872117400419, 0.6700733752620545, 0.6745283018867925, 0.6871069182389937, 0.6949685534591195, 0.7219601677148847, 0.7156708595387841, 0.7203878406708596, 0.739517819706499, 0.7306079664570231, 0.7426624737945493, 0.7481656184486373, 0.7589098532494759, 0.7510482180293501, 0.7534067085953878, 0.77437106918239, 0.7672955974842768, 0.7594339622641509, 0.7803983228511531, 0.7769916142557652, 0.7890461215932913, 0.7814465408805031, 0.789308176100629, 0.7942872117400419, 0.8063417190775681, 0.8126310272536688, 0.7976939203354297, 0.8089622641509434, 0.8215408805031447, 0.8029350104821803, 0.8121069182389937, 0.8296645702306079, 0.8149895178197065, 0.8173480083857443, 0.809748427672956, 0.8178721174004193, 0.8176100628930818, 0.8275681341719078, 0.8231132075471698, 0.8288784067085954, 0.8435534591194969, 0.8343815513626834, 0.8294025157232704, 0.8359538784067087, 0.8375262054507338, 0.8514150943396226, 0.8498427672955975, 0.8453878406708596, 0.8370020964360587, 0.8472222222222222, 0.8493186582809225, 0.840146750524109, 0.8524633123689728, 0.8582285115303984, 0.8540356394129979, 0.859538784067086, 0.8561320754716981, 0.8545597484276729, 0.8532494758909853, 0.8574423480083857, 0.8574423480083857, 0.8734276729559748, 0.8561320754716981, 0.8679245283018868, 0.8681865828092243, 0.8629454926624738, 0.8618972746331237, 0.8692348008385744, 0.8603249475890985, 0.8760482180293501, 0.8768343815513627, 0.8786687631027253, 0.8791928721174004, 0.8784067085953878, 0.8689727463312369], "devloss": [5.462337493896484, 4.561677932739258, 3.8120555877685547, 3.446479558944702, 3.216341495513916, 3.1647450923919678, 3.0305917263031006, 2.9583547115325928, 2.8452844619750977, 2.8285398483276367, 2.9311864376068115, 2.825458526611328, 2.7359981536865234, 2.7427456378936768, 2.676754951477051, 2.691617488861084, 2.6733975410461426, 2.6157798767089844, 2.5824592113494873, 2.579521417617798, 2.4820034503936768, 2.4324491024017334, 2.4918019771575928, 2.5126965045928955, 2.5492944717407227, 2.5441794395446777, 2.4563889503479004, 2.5412936210632324, 2.4432857036590576, 2.448054313659668, 2.4825711250305176, 2.5270447731018066, 2.482250213623047, 2.4638421535491943, 2.4575583934783936, 2.3969149589538574, 2.457317590713501, 2.446790933609009, 2.490772247314453, 2.415553092956543, 2.4302332401275635, 2.6456611156463623, 2.5113158226013184, 2.5316162109375, 2.4844210147857666, 2.5310497283935547, 2.6609835624694824, 2.670883893966675, 2.602447748184204, 2.589881658554077, 2.622065544128418, 2.573707342147827, 2.672813653945923, 2.7574901580810547, 2.631166934967041, 2.679988384246826, 2.653005838394165, 2.6728100776672363, 2.6351871490478516, 2.683781147003174, 2.6613597869873047, 2.592578411102295, 2.581521987915039, 2.75956130027771, 2.6803646087646484, 2.730123996734619, 2.687019109725952, 2.770925998687744, 2.724123239517212, 2.810640811920166, 2.745152473449707, 2.897493362426758, 2.7954864501953125, 2.6995162963867188, 2.700732946395874, 2.593311071395874, 2.7145230770111084, 2.7686922550201416, 2.797755479812622, 2.687136173248291, 2.736037254333496, 2.7788119316101074, 2.811038017272949, 2.8590402603149414, 2.8427534103393555, 2.8766353130340576, 2.828810691833496, 2.874345064163208, 2.907846212387085, 2.8603787422180176, 2.830429792404175, 2.770792245864868, 2.7761881351470947, 2.7508726119995117, 2.8242084980010986, 2.8296287059783936, 2.785621404647827, 2.767245292663574, 2.787935256958008, 2.6863648891448975], "testloss": 3.509194850921631,