{"trainacc": [0.08941656710473915, 0.3303763440860215, 0.6652827558741538, 0.8471624850657109, 0.9096077260055755, 0.9396953405017922, 0.9522102747909199, 0.9634806849860613, 0.97463162086818, 0.9789127837514934, 0.9780565511748307, 0.9835722819593787, 0.9879729191557148, 0.9905615292712067, 0.989615690959777], "trainloss": [3.183137478366975, 2.2548945737711135, 1.0489107498558619, 0.49180309761097496, 0.29064854278074514, 0.19188714244602117, 0.15111808627487797, 0.1138092227449269, 0.08248216679749239, 0.06979376483784283, 0.06881289154050811, 0.051635268781881606, 0.038443559283343906, 0.03070215121125235, 0.03344970102796916], "devacc": [0.11336405529953918, 0.35944700460829493, 0.709062980030722, 0.8728110599078341, 0.9109062980030722, 0.9351766513056836, 0.9403993855606759, 0.949615975422427, 0.9490015360983103, 0.9459293394777266, 0.9499231950844854, 0.9486943164362519, 0.957910906298003, 0.9566820276497696, 0.9505376344086022], "devloss": [3.1554400953829016, 2.147922780656595, 0.9193401726709532, 0.43658080106506697, 0.3084504387345732, 0.2711678722761743, 0.251284845688376, 0.19461664207245347, 0.21838031983869965, 0.207630104595615, 0.21262098684014263, 0.23738077255438, 0.20223993323915015, 0.2076745760468294, 0.23247529257277738], "testacc": 1.0, "testloss": 0.00021858215040992945}