{"trainacc": [0.11174830744723217, 0.21824970131421745, 0.3637793707686181, 0.5346375945838311, 0.644205495818399, 0.733910792512943, 0.7856929510155317, 0.8210772600557547, 0.8484070091596974, 0.8775089605734767, 0.8854141776184787, 0.9145061728395062, 0.9261648745519713, 0.9350457984866587, 0.9435185185185185], "trainloss": [3.1209516626389937, 2.664341462555752, 2.089132123096015, 1.5148379283566629, 1.1439692733393205, 0.8606467715941877, 0.6989624075493648, 0.5756902843891791, 0.4884144839348901, 0.3990240581645191, 0.3729849231641922, 0.27602467639649925, 0.2410768838499182, 0.20800432366104252, 0.18400141477513626], "devacc": [0.12811059907834102, 0.27004608294930876, 0.46175115207373274, 0.6374807987711214, 0.727188940092166, 0.808294930875576, 0.8556067588325653, 0.8771121351766513, 0.8817204301075269, 0.8921658986175115, 0.8995391705069125, 0.9210445468509985, 0.9296466973886329, 0.9394777265745008, 0.9391705069124424], "devloss": [3.059707575679375, 2.4794895187500985, 1.7566335574822491, 1.1684119135553386, 0.8759078248854606, 0.6430395561429213, 0.529424826945028, 0.44186731362672443, 0.41831232792770806, 0.36610914183102444, 0.34313620043240384, 0.2847794325945015, 0.2486216517912078, 0.23068639059220591, 0.2396322380287856], "testacc": 1.0, "testloss": 0.04962434619665146}