{"trainacc": [0.17971923536439666, 0.4488649940262843, 0.6270509757068897, 0.7223217841497411, 0.7837017124651533, 0.8127240143369175, 0.8664874551971327, 0.8962066905615292, 0.911031461569096, 0.9278773397052967, 0.9288132218239745, 0.9434488251692553, 0.9548088410991636, 0.9596774193548387, 0.9642373556352051], "trainloss": [2.7890626227699014, 1.780749614093466, 1.1858275787662291, 0.8699401009253703, 0.6658687108377687, 0.5709635830053719, 0.4026059967108525, 0.31425431491795974, 0.2701349632910218, 0.22064038907292355, 0.21517567655234068, 0.16758527405551116, 0.1373242032775386, 0.12138742194683463, 0.10814075007714251], "devacc": [0.19815668202764977, 0.4734254992319508, 0.6503840245775729, 0.7450076804915514, 0.8116743471582182, 0.8202764976958525, 0.8761904761904762, 0.8894009216589862, 0.9038402457757296, 0.911520737327189, 0.9164362519201229, 0.9244239631336405, 0.9327188940092166, 0.9367127496159754, 0.9407066052227343], "devloss": [2.7367797161576934, 1.6571143568935482, 1.0688595194970407, 0.7722851425271979, 0.5939688377666034, 0.5699907379216312, 0.42887178159529166, 0.3864614107916432, 0.3619988172010343, 0.3215307689482166, 0.31777943581480034, 0.3139502347065007, 0.2582742468827331, 0.25789906201274715, 0.27928193758160286], "testacc": 1.0, "testloss": 0.031708717346191406}