{"trainacc": [0.12818598168060533, 0.43622062923138194, 0.6775886101154919, 0.8098168060533651, 0.8936180804460374, 0.9369275189167662, 0.9537733970529669, 0.9716248506571087, 0.97573675826364, 0.9815013938669853, 0.9846674631620869, 0.9876742333731581, 0.9890979689366786, 0.9920848267622461, 0.9916766228594186], "trainloss": [2.9721561782818684, 1.8331580226139357, 1.008398155050893, 0.5844407870635622, 0.3328087294792474, 0.19592646187173565, 0.13891735405459768, 0.08459768031713782, 0.07259498104640019, 0.05851698227965561, 0.049579435198377535, 0.040174825490856256, 0.03466882039164165, 0.025028107547075483, 0.02635961289104773], "devacc": [0.14685099846390168, 0.46912442396313364, 0.7256528417818741, 0.8307219662058372, 0.8906298003072196, 0.9170506912442397, 0.9238095238095239, 0.9382488479262673, 0.9376344086021505, 0.9514592933947773, 0.9557603686635945, 0.9477726574500768, 0.956989247311828, 0.9576036866359448, 0.9606758832565284], "devloss": [2.919471444072811, 1.67959345980174, 0.8717335882824138, 0.5605984549917933, 0.3851229746220848, 0.30659037292827657, 0.2951495400908905, 0.24688578022789845, 0.239084318348889, 0.21091615281621431, 0.19037565846459656, 0.2235745999120897, 0.1925293755146765, 0.18515752702264743, 0.17861958685833187], "testacc": 1.0, "testloss": 0.0020736693404614925}