{"trainacc": [0.18100358422939067, 0.5900338510553564, 0.8350657108721625, 0.8954699322978893, 0.9584826762246117, 0.9663978494623656, 0.9770111509358821, 0.9834328952608522, 0.9884508164078056, 0.9879131819992035, 0.9902628434886499, 0.9925428116288332, 0.9802668259657507, 0.9941358024691358, 0.994852648347272], "trainloss": [2.716252928993608, 1.2991958117399591, 0.5178642029759419, 0.31299130196639713, 0.1277983752140506, 0.09924358059179256, 0.07082905839091631, 0.05147288863412511, 0.03610904379708864, 0.038868788813364336, 0.03198725209886313, 0.024392829085794793, 0.0576079376064143, 0.018351697359621312, 0.01735220316590534], "devacc": [0.1870967741935484, 0.6162826420890937, 0.8411674347158218, 0.8758832565284178, 0.9192012288786482, 0.9324116743471582, 0.9397849462365592, 0.9459293394777266, 0.94715821812596, 0.9465437788018434, 0.9456221198156682, 0.9434715821812596, 0.9459293394777266, 0.9465437788018434, 0.9551459293394777], "devloss": [2.6855851867781255, 1.1968909534990513, 0.5088775984702572, 0.4378610935903365, 0.29939420637996517, 0.26191092649912506, 0.23899664850004257, 0.25149252015050105, 0.21016544728509842, 0.19137923117332195, 0.206689953941354, 0.21670873950703354, 0.2013350591956196, 0.20510936422007425, 0.20175052904588286], "testacc": 0.8, "testloss": 1.0401756763458252}