{"trainacc": [0.28019713261648743, 0.6077459179609718, 0.7392373556352051, 0.8345679012345679, 0.8861409796893668, 0.9217144563918758, 0.9477100756670649, 0.9594882516925528, 0.9724014336917562, 0.9685882118677818, 0.9677917164476304, 0.9812724014336918, 0.9865591397849462, 0.9815013938669853, 0.9902429311031462], "trainloss": [2.4088859637863176, 1.250739669999199, 0.804348018861586, 0.49000840038595234, 0.34182471773957696, 0.2305850445725727, 0.1564164512313395, 0.11925685655864193, 0.08355554080876469, 0.09195568881207897, 0.094086589391834, 0.05665504810452604, 0.040603489666206936, 0.05688966448856084, 0.030103465233981754], "devacc": [0.3336405529953917, 0.6829493087557603, 0.7781874039938556, 0.8543778801843318, 0.9010752688172043, 0.9139784946236559, 0.9336405529953917, 0.9403993855606759, 0.9505376344086022, 0.9480798771121351, 0.9477726574500768, 0.9499231950844854, 0.9582181259600614, 0.946236559139785, 0.9609831029185868], "devloss": [2.2528892815937094, 1.080647876735107, 0.7491168193004099, 0.5101611070369246, 0.41655669962206193, 0.35729378049824095, 0.3302406601367458, 0.31382079388139433, 0.3015102929508631, 0.2936453275416853, 0.30573996070617904, 0.29770172109252296, 0.2731950267943369, 0.32371305945556833, 0.32593598851959826], "testacc": 1.0, "testloss": 0.0002582549932412803}