{"trainacc": [0.13703703703703704, 0.392184388689765, 0.6065013938669853, 0.7317801672640383, 0.7968239745121466, 0.8641377937076862, 0.8987953006770211, 0.9133612106730387, 0.9335623257666268, 0.9496017522899244, 0.9575667064914377, 0.9606730386300278, 0.9699024293110314, 0.9733174034249303, 0.9598168060533652], "trainloss": [2.981150508496639, 1.9854087268437393, 1.2450806492118425, 0.8322481705652486, 0.6211511356713809, 0.419776981431666, 0.3135290436954054, 0.2616423421952175, 0.20470805717198226, 0.1549693504737839, 0.1335866967151598, 0.12151092156465193, 0.093569927674183, 0.08257510953025365, 0.11743318375863197], "devacc": [0.1683563748079877, 0.4574500768049155, 0.6961597542242703, 0.7824884792626728, 0.8208909370199693, 0.8678955453149002, 0.9142857142857143, 0.9093701996927803, 0.9379416282642089, 0.938863287250384, 0.9370199692780338, 0.9394777265745008, 0.9477726574500768, 0.943778801843318, 0.9348694316436252], "devloss": [2.8578853848892423, 1.7515571392076905, 1.046089590419822, 0.7545201303222762, 0.6311446678253912, 0.4959830218745816, 0.38206040364806004, 0.375313534989335, 0.3203880870671866, 0.3144277277218032, 0.33443369513832477, 0.31346673872064335, 0.26554240389353667, 0.3027614554913912, 0.33277948811856284], "testacc": 1.0, "testloss": 0.002195167588070035}