{"testloss": 16.698693146351644, "testacc": 0.11353711790393013}