{"trainacc": [0.22811022776106574, 0.20141276321443918, 0.17041792006875806], "trainloss": [1.3448378793057427, 0.008456848039063644, 0.0018013361273389534], "testacc": 0.07389162561576355, "devacc": [0.10328638497652583, 0.10954616588419405, 0.07355242566510173]}