{"testacc": 0.04743083003952569, "devacc": [0.1320754716981132, 0.09433962264150944, 0.06918238993710692], "trainacc": [0.815204081632653, 0.6583673469387755, 0.5075], "trainloss": [37.497394569047536, 3.142975161093792, 0.9185647818878406]}