{"trainloss": [21.327331911129168], "trainacc": [0.25921250537172325], "devacc": [0.11580594679186229], "testacc": 0.09852216748768473}