{"testloss": 3.5316850264520103, "testacc": 0.043668122270742356}