{"trainloss": [5.389648919997922, 0.0030765921949199343], "trainacc": [0.0236734693877551, 0.0186734693877551], "testloss": 3.5436392715404126, "devloss": [3.447403434259314, 3.4618200923739035], "testacc": 0.008733624454148471, "devacc": [0.033426183844011144, 0.033426183844011144]}