{"devloss": [3.444684215242816], "testloss": 3.3829668130416537, "trainloss": [1.0139145778060201], "devacc": [0.02924791086350975], "trainacc": [0.03811224489795918], "testacc": 0.017467248908296942}