{"trainacc": [0.19252256123764502, 0.198109153416416, 0.16082939406961752], "trainloss": [1.2152971964946973, 0.004983718945463277, 0.01464233910866393], "devacc": [0.0892018779342723, 0.07668231611893583, 0.09076682316118936], "testacc": 0.07389162561576355}