{"testacc": 0.021834061135371178, "trainloss": [0.15500031851071203, 0.00017804529191637304, 3.3839652854924797e-05], "trainacc": [0.05403061224489796, 0.04510204081632653, 0.021377551020408163], "devacc": [0.019498607242339833, 0.05153203342618384, 0.04735376044568245], "devloss": [3.759094799461471, 3.551272547012584, 3.526769190445584], "testloss": 3.532949221706807}