{"devloss": [26.96166627187915], "devacc": [0.034818941504178275], "trainacc": [0.0238265306122449], "testacc": 0.03056768558951965, "trainloss": [7.88674670723018e-05], "testloss": 27.378800396315395}