{"trainloss": [22.428761620598145, 0.7749929619003012, 0.15355344777964205], "trainacc": [0.2952299097550494, 0.20877202406532017, 0.16902127202406533], "testacc": 0.12315270935960591, "devacc": [0.14397496087636932, 0.1298904538341158, 0.09233176838810642]}