{"testacc": 0.08374384236453201, "trainloss": [21.838598892391925], "trainacc": [0.23901482595616674], "devacc": [0.13615023474178403]}