{"testacc": 0.12663755458515283, "testloss": 9.4856613234141}